label,scale,method,ene,delta,reldelta,group
Ag,1.0,"PBE+MBD(rpa,scs)",-3.0675058307151657,-0.11750583071516552,-0.039832484988191696,
Ag,1.0,"PBE+MBD(rpa,vvpol,corr,beta[0.8],17base)",-3.4933471696754834,-0.5433471696754832,-0.1841854812459265,
Ag,1.0,"PBE+MBD(rpa,vvpol[nm],beta[0.8],17base)",-2.64302542525367,0.3069745747463304,0.10405917788011199,
Ag,1.0,"PBE+MBD(rpa,vvpol[nm],corr,beta[0.8])",-2.9361006259818168,0.013899374018183419,0.004711652209553701,
Ag,1.0,"PBE+MBD(rpa,vvpol[nm],corr,beta[0.8],17base)",-2.797962910695691,0.15203708930430926,0.051537996374342115,
Ag,1.0,"PBE+MBD(rpa,vvpol[nm],corr,beta[0.8],17base,vdw[BG])",-2.7932670347757527,0.1567329652242475,0.0531298187200839,
Ag,1.0,"PBE+MBD(rpa,vvpol[nm],corr,beta[0.8],vdw17)",-2.8622502697847176,0.08774973021528254,0.029745671259417808,
Ag,1.0,PBE+MBD(scs),,,,
Ag,1.0,"PBE+MBD(vvpol,corr,beta[0.8],17base)",,,,
Ag,1.0,"PBE+MBD(vvpol[nm],beta[0.8],17base)",-2.6435214126341258,0.3064785873658744,0.10389104656470319,
Ag,1.0,"PBE+MBD(vvpol[nm],corr,beta[0.8])",,,,
Ag,1.0,"PBE+MBD(vvpol[nm],corr,beta[0.8],17base)",,,,
Ag,1.0,"PBE+MBD(vvpol[nm],corr,beta[0.8],17base,vdw[BG])",-2.8123169120037708,0.13768308799622941,0.04667223321906082,
Ag,1.0,"PBE+MBD(vvpol[nm],corr,beta[0.8],vdw17)",,,,
Ag,1.0,PBE,-2.5239186643510836,0.4260813356489166,0.14443435106742936,
Al,1.0,"PBE+MBD(rpa,scs)",-4.03909367554384,-0.6490936755438397,-0.19147306063240108,
Al,1.0,"PBE+MBD(rpa,vvpol,corr,beta[0.8],17base)",-3.725075335403874,-0.3350753354038738,-0.09884228183005127,
Al,1.0,"PBE+MBD(rpa,vvpol[nm],beta[0.8],17base)",-3.477185046768969,-0.08718504676896899,-0.025718302881701766,
Al,1.0,"PBE+MBD(rpa,vvpol[nm],corr,beta[0.8])",-3.479612206496792,-0.08961220649679191,-0.026434279202593485,
Al,1.0,"PBE+MBD(rpa,vvpol[nm],corr,beta[0.8],17base)",-3.47893765378162,-0.08893765378162,-0.02623529610077286,
Al,1.0,"PBE+MBD(rpa,vvpol[nm],corr,beta[0.8],17base,vdw[BG])",-3.47893458819387,-0.08893458819386968,-0.026234391797601675,
Al,1.0,"PBE+MBD(rpa,vvpol[nm],corr,beta[0.8],vdw17)",-3.4963707842441187,-0.10637078424411861,-0.03137781246139192,
Al,1.0,PBE+MBD(scs),,,,
Al,1.0,"PBE+MBD(vvpol,corr,beta[0.8],17base)",-3.7515354535611056,-0.3615354535611055,-0.10664762641920515,
Al,1.0,"PBE+MBD(vvpol[nm],beta[0.8],17base)",-3.4772115234177186,-0.08721152341771843,-0.025726113102571807,
Al,1.0,"PBE+MBD(vvpol[nm],corr,beta[0.8])",-3.4795747876637133,-0.08957478766371318,-0.026423241198735452,
Al,1.0,"PBE+MBD(vvpol[nm],corr,beta[0.8],17base)",-3.478903803028917,-0.08890380302891687,-0.026225310627999078,
Al,1.0,"PBE+MBD(vvpol[nm],corr,beta[0.8],17base,vdw[BG])",-3.4789226688549064,-0.0889226688549063,-0.026230875768408934,
Al,1.0,"PBE+MBD(vvpol[nm],corr,beta[0.8],vdw17)",-3.4962452843410072,-0.1062452843410071,-0.03134079184100504,
Al,1.0,PBE,-3.472523489976114,-0.08252348997611403,-0.02434321238233452,
AlAs,1.0,"PBE+MBD(rpa,scs)",-3.9741170981540934,-0.19411709815409361,-0.051353729670395136,
AlAs,1.0,"PBE+MBD(rpa,vvpol,corr,beta[0.8],17base)",-3.9628814912060335,-0.1828814912060337,-0.0483813468799031,
AlAs,1.0,"PBE+MBD(rpa,vvpol[nm],beta[0.8],17base)",-3.9051621837028065,-0.12516218370280674,-0.03311168881026633,
AlAs,1.0,"PBE+MBD(rpa,vvpol[nm],corr,beta[0.8])",-3.940855220292756,-0.16085522029275623,-0.04255429108273975,
AlAs,1.0,"PBE+MBD(rpa,vvpol[nm],corr,beta[0.8],17base)",-3.9352437734001477,-0.15524377340014794,-0.04106978132279046,
AlAs,1.0,"PBE+MBD(rpa,vvpol[nm],corr,beta[0.8],17base,vdw[BG])",-3.942401360077463,-0.16240136007746298,-0.0429633227718156,
AlAs,1.0,"PBE+MBD(rpa,vvpol[nm],corr,beta[0.8],vdw17)",-3.946929976476485,-0.1669299764764851,-0.044161369438223574,
AlAs,1.0,PBE+MBD(scs),-3.9774013414311518,-0.19740134143115196,-0.05222257709818835,
AlAs,1.0,"PBE+MBD(vvpol,corr,beta[0.8],17base)",-3.966411037677365,-0.18641103767736533,-0.049315089332636335,
AlAs,1.0,"PBE+MBD(vvpol[nm],beta[0.8],17base)",-3.9054711187170548,-0.12547111871705496,-0.033193417650014545,
AlAs,1.0,"PBE+MBD(vvpol[nm],corr,beta[0.8])",-3.9433880401070245,-0.16338804010702468,-0.04322434923466262,
AlAs,1.0,"PBE+MBD(vvpol[nm],corr,beta[0.8],17base)",-3.937578137283471,-0.15757813728347125,-0.04168733790568023,
AlAs,1.0,"PBE+MBD(vvpol[nm],corr,beta[0.8],17base,vdw[BG])",-3.9444052376346175,-0.16440523763461767,-0.043493449109687214,
AlAs,1.0,"PBE+MBD(vvpol[nm],corr,beta[0.8],vdw17)",-3.9495900408014353,-0.16959004080143547,-0.044865090159109916,
AlAs,1.0,PBE,-3.7060209727861095,0.07397902721389027,0.019571171220605893,
AlP,1.0,"PBE+MBD(rpa,scs)",-4.3780726154331004,-0.11807261543310066,-0.027716576392746634,
AlP,1.0,"PBE+MBD(rpa,vvpol,corr,beta[0.8],17base)",-4.352669849517423,-0.09266984951742341,-0.021753485802212067,
AlP,1.0,"PBE+MBD(rpa,vvpol[nm],beta[0.8],17base)",-4.308412197712912,-0.04841219771291261,-0.011364365660308124,
AlP,1.0,"PBE+MBD(rpa,vvpol[nm],corr,beta[0.8])",-4.335489011941981,-0.07548901194198088,-0.017720425338493166,
AlP,1.0,"PBE+MBD(rpa,vvpol[nm],corr,beta[0.8],17base)",-4.328070986946349,-0.06807098694634917,-0.015979104916983372,
AlP,1.0,"PBE+MBD(rpa,vvpol[nm],corr,beta[0.8],17base,vdw[BG])",-4.330180176748048,-0.07018017674804788,-0.016474219893907956,
AlP,1.0,"PBE+MBD(rpa,vvpol[nm],corr,beta[0.8],vdw17)",-4.342057137590326,-0.08205713759032651,-0.019262238870968666,
AlP,1.0,PBE+MBD(scs),-4.380838401605558,-0.12083840160555859,-0.02836582197313582,
AlP,1.0,"PBE+MBD(vvpol,corr,beta[0.8],17base)",-4.356019738139101,-0.09601973813910103,-0.022539844633591793,
AlP,1.0,"PBE+MBD(vvpol[nm],beta[0.8],17base)",-4.308494362949883,-0.048494362949883296,-0.011383653274620492,
AlP,1.0,"PBE+MBD(vvpol[nm],corr,beta[0.8])",-4.337943722579254,-0.07794372257925453,-0.018296648492782754,
AlP,1.0,"PBE+MBD(vvpol[nm],corr,beta[0.8],17base)",-4.330316472680962,-0.07031647268096197,-0.016506214244357272,
AlP,1.0,"PBE+MBD(vvpol[nm],corr,beta[0.8],17base,vdw[BG])",-4.3318708679674875,-0.07187086796748776,-0.01687109576701591,
AlP,1.0,"PBE+MBD(vvpol[nm],corr,beta[0.8],vdw17)",-4.3446731330538,-0.08467313305380042,-0.01987632231309869,
AlP,1.0,PBE,-4.109688477581986,0.15031152241801404,0.03528439493380611,
AlSb,1.0,"PBE+MBD(rpa,scs)",-3.5304133388539567,-0.23041333885395687,-0.06982222389513845,
AlSb,1.0,"PBE+MBD(rpa,vvpol,corr,beta[0.8],17base)",-3.539773594386075,-0.23977359438607504,-0.0726586649654773,
AlSb,1.0,"PBE+MBD(rpa,vvpol[nm],beta[0.8],17base)",-3.4627852880861325,-0.16278528808613268,-0.049328875177615965,
AlSb,1.0,"PBE+MBD(rpa,vvpol[nm],corr,beta[0.8])",-3.51091918962374,-0.21091918962374034,-0.06391490594658798,
AlSb,1.0,"PBE+MBD(rpa,vvpol[nm],corr,beta[0.8],17base)",-3.500238853759135,-0.20023885375913508,-0.06067844053307124,
AlSb,1.0,"PBE+MBD(rpa,vvpol[nm],corr,beta[0.8],17base,vdw[BG])",-3.5133814532417023,-0.21338145324170243,-0.06466104643687953,
AlSb,1.0,"PBE+MBD(rpa,vvpol[nm],corr,beta[0.8],vdw17)",-3.507483237390895,-0.20748323739089525,-0.0628737083002713,
AlSb,1.0,PBE+MBD(scs),-3.5326081750109175,-0.23260817501091768,-0.07048732576088415,
AlSb,1.0,"PBE+MBD(vvpol,corr,beta[0.8],17base)",-3.545166408003122,-0.24516640800312217,-0.07429285091003703,
AlSb,1.0,"PBE+MBD(vvpol[nm],beta[0.8],17base)",-3.4639707168593565,-0.1639707168593567,-0.049688096017986884,
AlSb,1.0,"PBE+MBD(vvpol[nm],corr,beta[0.8])",-3.514903461857476,-0.21490346185747633,-0.06512226116893223,
AlSb,1.0,"PBE+MBD(vvpol[nm],corr,beta[0.8],17base)",-3.5040075374874613,-0.20400753748746148,-0.06182046590529136,
AlSb,1.0,"PBE+MBD(vvpol[nm],corr,beta[0.8],17base,vdw[BG])",-3.516620596848977,-0.21662059684897716,-0.06564260510575066,
AlSb,1.0,"PBE+MBD(vvpol[nm],corr,beta[0.8],vdw17)",-3.5114314665948934,-0.21143146659489354,-0.06407014139239198,
AlSb,1.0,PBE,-3.2659804928350553,0.03401950716494451,0.0103089415651347,
Au,1.0,"PBE+MBD(rpa,scs)",-3.5415010019649182,0.2684989980350818,0.07047217796196373,
Au,1.0,"PBE+MBD(rpa,vvpol,corr,beta[0.8],17base)",-3.676292249734943,0.133707750265057,0.03509389770736404,
Au,1.0,"PBE+MBD(rpa,vvpol[nm],beta[0.8],17base)",-3.23920538115274,0.5707946188472599,0.14981486058983198,
Au,1.0,"PBE+MBD(rpa,vvpol[nm],corr,beta[0.8])",-3.4702588721360184,0.3397411278639817,0.08917089970183247,
Au,1.0,"PBE+MBD(rpa,vvpol[nm],corr,beta[0.8],17base)",-3.3800424577551627,0.4299575422448374,0.11284974862069223,
Au,1.0,"PBE+MBD(rpa,vvpol[nm],corr,beta[0.8],17base,vdw[BG])",-3.5659544261537253,0.2440455738462748,0.06405395639009837,
Au,1.0,"PBE+MBD(rpa,vvpol[nm],corr,beta[0.8],vdw17)",-3.420369633045721,0.3896303669542789,0.10226518817697608,
Au,1.0,PBE+MBD(scs),-3.5456804591246134,0.26431954087538667,0.06937520757884165,
Au,1.0,"PBE+MBD(vvpol,corr,beta[0.8],17base)",,,,
Au,1.0,"PBE+MBD(vvpol[nm],beta[0.8],17base)",-3.240332508456475,0.5696674915435249,0.1495190266518438,
Au,1.0,"PBE+MBD(vvpol[nm],corr,beta[0.8])",,,,
Au,1.0,"PBE+MBD(vvpol[nm],corr,beta[0.8],17base)",-3.4021126569791886,0.4078873430208114,0.10705704541228646,
Au,1.0,"PBE+MBD(vvpol[nm],corr,beta[0.8],17base,vdw[BG])",,,,
Au,1.0,"PBE+MBD(vvpol[nm],corr,beta[0.8],vdw17)",-3.4503047657301167,0.35969523426988337,0.09440819797109799,
Au,1.0,PBE,-3.0507090400841164,0.7592909599158837,0.1992889658571873,
BAs,1.0,"PBE+MBD(rpa,scs)",-4.8898277691105445,-0.18982776911054433,-0.040388887044796665,
BAs,1.0,"PBE+MBD(rpa,vvpol,corr,beta[0.8],17base)",-4.8766083610440445,-0.17660836104404432,-0.03757624703064773,
BAs,1.0,"PBE+MBD(rpa,vvpol[nm],beta[0.8],17base)",-4.849015923675939,-0.14901592367593874,-0.03170551567573165,
BAs,1.0,"PBE+MBD(rpa,vvpol[nm],corr,beta[0.8])",-4.841440698513275,-0.141440698513275,-0.03009376564112234,
BAs,1.0,"PBE+MBD(rpa,vvpol[nm],corr,beta[0.8],17base)",-4.849704823872657,-0.14970482387265704,-0.031852090185671714,
BAs,1.0,"PBE+MBD(rpa,vvpol[nm],corr,beta[0.8],17base,vdw[BG])",-4.856727964643173,-0.1567279646431725,-0.03334637545599415,
BAs,1.0,"PBE+MBD(rpa,vvpol[nm],corr,beta[0.8],vdw17)",-4.865732378623138,-0.1657323786231375,-0.03526220821768883,
BAs,1.0,PBE+MBD(scs),-4.888389831249505,-0.1883898312495047,-0.04008294281904355,
BAs,1.0,"PBE+MBD(vvpol,corr,beta[0.8],17base)",-4.876190301166663,-0.17619030116666323,-0.03748729812056664,
BAs,1.0,"PBE+MBD(vvpol[nm],beta[0.8],17base)",-4.847612082939834,-0.1476120829398342,-0.03140682615741153,
BAs,1.0,"PBE+MBD(vvpol[nm],corr,beta[0.8])",-4.840679277229513,-0.14067927722951268,-0.02993176111266227,
BAs,1.0,"PBE+MBD(vvpol[nm],corr,beta[0.8],17base)",-4.848910647402557,-0.14891064740255722,-0.031683116468629195,
BAs,1.0,"PBE+MBD(vvpol[nm],corr,beta[0.8],17base,vdw[BG])",-4.855741361492365,-0.15574136149236484,-0.033136459891992515,
BAs,1.0,"PBE+MBD(vvpol[nm],corr,beta[0.8],vdw17)",-4.864898193927157,-0.164898193927157,-0.03508472211216106,
BAs,1.0,PBE,-4.642591740151939,0.05740825984806097,0.012214523371927867,
BN,1.0,"PBE+MBD(rpa,scs)",-7.1626659865837,-0.5626659865837,-0.08525242220965153,
BN,1.0,"PBE+MBD(rpa,vvpol,corr,beta[0.8],17base)",-7.109759500190869,-0.509759500190869,-0.07723628790770744,
BN,1.0,"PBE+MBD(rpa,vvpol[nm],beta[0.8],17base)",-7.125128795721117,-0.525128795721117,-0.0795649690486541,
BN,1.0,"PBE+MBD(rpa,vvpol[nm],corr,beta[0.8])",-7.0973635914126,-0.49736359141260067,-0.07535811991100011,
BN,1.0,"PBE+MBD(rpa,vvpol[nm],corr,beta[0.8],17base)",-7.100023077591337,-0.5000230775913375,-0.07576107236232386,
BN,1.0,"PBE+MBD(rpa,vvpol[nm],corr,beta[0.8],17base,vdw[BG])",-7.105756471529394,-0.5057564715293941,-0.07662976841354456,
BN,1.0,"PBE+MBD(rpa,vvpol[nm],corr,beta[0.8],vdw17)",-7.11562896577096,-0.5156289657709605,-0.07812560087438795,
BN,1.0,PBE+MBD(scs),-7.162900651329208,-0.5629006513292083,-0.08528797747412248,
BN,1.0,"PBE+MBD(vvpol,corr,beta[0.8],17base)",-7.109370504501189,-0.5093705045011889,-0.0771773491668468,
BN,1.0,"PBE+MBD(vvpol[nm],beta[0.8],17base)",-7.125586146165486,-0.5255861461654865,-0.07963426457052826,
BN,1.0,"PBE+MBD(vvpol[nm],corr,beta[0.8])",-7.096961298632949,-0.49696129863294924,-0.07529716645953777,
BN,1.0,"PBE+MBD(vvpol[nm],corr,beta[0.8],17base)",-7.099613286935691,-0.4996132869356913,-0.07569898286904414,
BN,1.0,"PBE+MBD(vvpol[nm],corr,beta[0.8],17base,vdw[BG])",-7.105665814309837,-0.5056658143098369,-0.07661603247118742,
BN,1.0,"PBE+MBD(vvpol[nm],corr,beta[0.8],vdw17)",-7.115116570261722,-0.5151165702617222,-0.07804796519117004,
BN,1.0,PBE,-6.9399231650000335,-0.33992316500003383,-0.051503509848489976,
BP,1.0,"PBE+MBD(rpa,scs)",-5.549764858340038,-0.5097648583400378,-0.10114382109921385,
BP,1.0,"PBE+MBD(rpa,vvpol,corr,beta[0.8],17base)",-5.5189227486210815,-0.4789227486210814,-0.0950243548851352,
BP,1.0,"PBE+MBD(rpa,vvpol[nm],beta[0.8],17base)",-5.498034747619839,-0.45803474761983853,-0.09087991024203146,
BP,1.0,"PBE+MBD(rpa,vvpol[nm],corr,beta[0.8])",-5.481979297978844,-0.44197929797884417,-0.08769430515453257,
BP,1.0,"PBE+MBD(rpa,vvpol[nm],corr,beta[0.8],17base)",-5.488250330965196,-0.4482503309651964,-0.08893855773118976,
BP,1.0,"PBE+MBD(rpa,vvpol[nm],corr,beta[0.8],17base,vdw[BG])",-5.49046741038604,-0.45046741038603955,-0.08937845444167451,
BP,1.0,"PBE+MBD(rpa,vvpol[nm],corr,beta[0.8],vdw17)",-5.507327555271031,-0.467327555271031,-0.09272372128393472,
BP,1.0,PBE+MBD(scs),-5.54865892864445,-0.5086589286444498,-0.1009243906040575,
BP,1.0,"PBE+MBD(vvpol,corr,beta[0.8],17base)",-5.518417416345403,-0.4784174163454029,-0.0949240905447228,
BP,1.0,"PBE+MBD(vvpol[nm],beta[0.8],17base)",-5.49673313633759,-0.45673313633758994,-0.0906216540352361,
BP,1.0,"PBE+MBD(vvpol[nm],corr,beta[0.8])",-5.4811541258461665,-0.4411541258461664,-0.08753058052503301,
BP,1.0,"PBE+MBD(vvpol[nm],corr,beta[0.8],17base)",-5.487397483216684,-0.44739748321668404,-0.08876934190807223,
BP,1.0,"PBE+MBD(vvpol[nm],corr,beta[0.8],17base,vdw[BG])",-5.4894116363001935,-0.44941163630019343,-0.08916897545638758,
BP,1.0,"PBE+MBD(vvpol[nm],corr,beta[0.8],vdw17)",-5.506408152372917,-0.46640815237291733,-0.09254130007399153,
BP,1.0,PBE,-5.2987241735006085,-0.2587241735006085,-0.051334161408850894,
Ba,1.0,"PBE+MBD(rpa,scs)",-4.1867784552859035,-2.2867784552859036,-1.2035676080452125,
Ba,1.0,"PBE+MBD(rpa,vvpol,corr,beta[0.8],17base)",-2.4262228705648305,-0.5262228705648306,-0.2769594055604372,
Ba,1.0,"PBE+MBD(rpa,vvpol[nm],beta[0.8],17base)",-1.9366632012837899,-0.03666320128378997,-0.01929642172831051,
Ba,1.0,"PBE+MBD(rpa,vvpol[nm],corr,beta[0.8])",-2.055753141994892,-0.1557531419948921,-0.08197533789204847,
Ba,1.0,"PBE+MBD(rpa,vvpol[nm],corr,beta[0.8],17base)",-1.9884129288487895,-0.0884129288487896,-0.04653312044673137,
Ba,1.0,"PBE+MBD(rpa,vvpol[nm],corr,beta[0.8],17base,vdw[BG])",-1.9843602632279018,-0.08436026322790191,-0.04440013854100101,
Ba,1.0,"PBE+MBD(rpa,vvpol[nm],corr,beta[0.8],vdw17)",-2.096087748849084,-0.19608774884908398,-0.10320407834162315,
Ba,1.0,PBE+MBD(scs),,,,
Ba,1.0,"PBE+MBD(vvpol,corr,beta[0.8],17base)",,,,
Ba,1.0,"PBE+MBD(vvpol[nm],beta[0.8],17base)",-1.9362662698836808,-0.03626626988368087,-0.019087510465095194,
Ba,1.0,"PBE+MBD(vvpol[nm],corr,beta[0.8])",-2.0567494081221684,-0.15674940812216853,-0.08249968848535186,
Ba,1.0,"PBE+MBD(vvpol[nm],corr,beta[0.8],17base)",-1.988995064109175,-0.08899506410917501,-0.04683950742588159,
Ba,1.0,"PBE+MBD(vvpol[nm],corr,beta[0.8],17base,vdw[BG])",-1.9853273914968084,-0.08532739149680846,-0.04490915341937288,
Ba,1.0,"PBE+MBD(vvpol[nm],corr,beta[0.8],vdw17)",-2.097350113195784,-0.197350113195784,-0.10386848062936001,
Ba,1.0,PBE,-1.8927842408737843,0.007215759126215637,0.003797767961166125,
C,1.0,"PBE+MBD(rpa,scs)",-7.941004819476801,-0.5710048194768005,-0.07747690901991865,
C,1.0,"PBE+MBD(rpa,vvpol,corr,beta[0.8],17base)",-7.900417098240244,-0.5304170982402443,-0.07196975552784861,
C,1.0,"PBE+MBD(rpa,vvpol[nm],beta[0.8],17base)",-7.91558557010139,-0.5455855701013901,-0.07402789282244099,
C,1.0,"PBE+MBD(rpa,vvpol[nm],corr,beta[0.8])",-7.884227492717672,-0.514227492717672,-0.06977306549764885,
C,1.0,"PBE+MBD(rpa,vvpol[nm],corr,beta[0.8],17base)",-7.887705763593205,-0.517705763593205,-0.0702450154129179,
C,1.0,"PBE+MBD(rpa,vvpol[nm],corr,beta[0.8],17base,vdw[BG])",-7.8933072307622325,-0.5233072307622324,-0.07100505166380358,
C,1.0,"PBE+MBD(rpa,vvpol[nm],corr,beta[0.8],vdw17)",-7.905554173256019,-0.5355541732560187,-0.07266678063175287,
C,1.0,PBE+MBD(scs),-7.941119415183038,-0.5711194151830377,-0.07749245796242031,
C,1.0,"PBE+MBD(vvpol,corr,beta[0.8],17base)",-7.900017792824434,-0.5300177928244336,-0.0719155756885256,
C,1.0,"PBE+MBD(vvpol[nm],beta[0.8],17base)",-7.916308534863633,-0.5463085348636332,-0.07412598844825416,
C,1.0,"PBE+MBD(vvpol[nm],corr,beta[0.8])",-7.8838214729401,-0.5138214729400996,-0.06971797461873808,
C,1.0,"PBE+MBD(vvpol[nm],corr,beta[0.8],17base)",-7.887291653189975,-0.5172916531899752,-0.07018882675576325,
C,1.0,"PBE+MBD(vvpol[nm],corr,beta[0.8],17base,vdw[BG])",-7.893332977517813,-0.5233329775178133,-0.07100854511774943,
C,1.0,"PBE+MBD(vvpol[nm],corr,beta[0.8],vdw17)",-7.905098458861879,-0.5350984588618788,-0.07260494692834177,
C,1.0,PBE,-7.723781721697022,-0.3537817216970218,-0.04800294731302874,
Ca,1.0,"PBE+MBD(rpa,scs)",-2.8711594142575887,-1.0311594142575886,-0.5604127251399937,
Ca,1.0,"PBE+MBD(rpa,vvpol,corr,beta[0.8],17base)",-2.3071493688811553,-0.4671493688811552,-0.25388552656584523,
Ca,1.0,"PBE+MBD(rpa,vvpol[nm],beta[0.8],17base)",-1.9401889186388053,-0.10018891863880519,-0.05445049926022021,
Ca,1.0,"PBE+MBD(rpa,vvpol[nm],corr,beta[0.8])",-1.966692040237074,-0.12669204023707392,-0.06885436969406192,
Ca,1.0,"PBE+MBD(rpa,vvpol[nm],corr,beta[0.8],17base)",-1.953975284296656,-0.11397528429665593,-0.06194308929166083,
Ca,1.0,"PBE+MBD(rpa,vvpol[nm],corr,beta[0.8],17base,vdw[BG])",-1.9541830890578258,-0.1141830890578257,-0.062056026661861795,
Ca,1.0,"PBE+MBD(rpa,vvpol[nm],corr,beta[0.8],vdw17)",-2.0021329061538538,-0.16213290615385367,-0.08811570986622481,
Ca,1.0,PBE+MBD(scs),,,,
Ca,1.0,"PBE+MBD(vvpol,corr,beta[0.8],17base)",,,,
Ca,1.0,"PBE+MBD(vvpol[nm],beta[0.8],17base)",-1.940047952108619,-0.10004795210861883,-0.054373887015553714,
Ca,1.0,"PBE+MBD(vvpol[nm],corr,beta[0.8])",-1.9665231534319116,-0.12652315343191156,-0.06876258338690845,
Ca,1.0,"PBE+MBD(vvpol[nm],corr,beta[0.8],17base)",-1.9538583475810072,-0.1138583475810071,-0.06187953672880821,
Ca,1.0,"PBE+MBD(vvpol[nm],corr,beta[0.8],17base,vdw[BG])",-1.9540468457541516,-0.11404684575415147,-0.061981981388125794,
Ca,1.0,"PBE+MBD(vvpol[nm],corr,beta[0.8],vdw17)",-2.0018234998577276,-0.16182349985772748,-0.08794755427050406,
Ca,1.0,PBE,-1.9252440195819112,-0.08524401958191108,-0.046328271511908194,
CdS,1.0,"PBE+MBD(rpa,scs)",-2.7989451307822666,-0.018945130782266784,-0.0068147952454197065,
CdS,1.0,"PBE+MBD(rpa,vvpol,corr,beta[0.8],17base)",-2.8627978061544628,-0.08279780615446297,-0.02978338350879963,
CdS,1.0,"PBE+MBD(rpa,vvpol[nm],beta[0.8],17base)",-2.747240857194328,0.032759142805671715,0.011783864318586948,
CdS,1.0,"PBE+MBD(rpa,vvpol[nm],corr,beta[0.8])",-2.869540886233125,-0.08954088623312506,-0.03220895188241909,
CdS,1.0,"PBE+MBD(rpa,vvpol[nm],corr,beta[0.8],17base)",-2.8433623423288545,-0.06336234232885474,-0.022792209470811058,
CdS,1.0,"PBE+MBD(rpa,vvpol[nm],corr,beta[0.8],17base,vdw[BG])",-2.816883783390715,-0.03688378339071541,-0.01326754798227173,
CdS,1.0,"PBE+MBD(rpa,vvpol[nm],corr,beta[0.8],vdw17)",-2.825297879353193,-0.04529787935319307,-0.01629420120618456,
CdS,1.0,PBE+MBD(scs),-2.797574815519851,-0.017574815519851406,-0.006321876086277485,
CdS,1.0,"PBE+MBD(vvpol,corr,beta[0.8],17base)",-2.8644976650444143,-0.08449766504441447,-0.030394843541156288,
CdS,1.0,"PBE+MBD(vvpol[nm],beta[0.8],17base)",-2.7458431040255546,0.034156895974445156,0.012286653228217682,
CdS,1.0,"PBE+MBD(vvpol[nm],corr,beta[0.8])",-2.869768327150121,-0.08976832715012106,-0.03229076516191405,
CdS,1.0,"PBE+MBD(vvpol[nm],corr,beta[0.8],17base)",-2.8434851707257165,-0.06348517072571669,-0.022836392347380104,
CdS,1.0,"PBE+MBD(vvpol[nm],corr,beta[0.8],17base,vdw[BG])",-2.8203900370742034,-0.04039003707420363,-0.01452879031446174,
CdS,1.0,"PBE+MBD(vvpol[nm],corr,beta[0.8],vdw17)",-2.8253784183805624,-0.04537841838056256,-0.01632317207933905,
CdS,1.0,PBE,-2.550345836210529,0.2296541637894709,0.08260941143506148,
CdSe,1.0,"PBE+MBD(rpa,scs)",-2.549514490238505,-0.09451449023850511,-0.038498774027904324,
CdSe,1.0,"PBE+MBD(rpa,vvpol,corr,beta[0.8],17base)",-2.627607014871752,-0.172607014871752,-0.07030835636323911,
CdSe,1.0,"PBE+MBD(rpa,vvpol[nm],beta[0.8],17base)",-2.5018595637158367,-0.04685956371583666,-0.01908739866225526,
CdSe,1.0,"PBE+MBD(rpa,vvpol[nm],corr,beta[0.8])",-2.6257449185807453,-0.17074491858074525,-0.06954986500234023,
CdSe,1.0,"PBE+MBD(rpa,vvpol[nm],corr,beta[0.8],17base)",-2.606170316804253,-0.15117031680425308,-0.06157650378991979,
CdSe,1.0,"PBE+MBD(rpa,vvpol[nm],corr,beta[0.8],17base,vdw[BG])",-2.5889418468015037,-0.13394184680150367,-0.05455879706782227,
CdSe,1.0,"PBE+MBD(rpa,vvpol[nm],corr,beta[0.8],vdw17)",-2.5862301189352435,-0.1312301189352434,-0.053454223598877144,
CdSe,1.0,PBE+MBD(scs),-2.5479318171305922,-0.09293181713059218,-0.03785410066419233,
CdSe,1.0,"PBE+MBD(vvpol,corr,beta[0.8],17base)",-2.63018845797587,-0.17518845797587002,-0.07135986068263545,
CdSe,1.0,"PBE+MBD(vvpol[nm],beta[0.8],17base)",-2.5007867635094856,-0.04578676350948552,-0.018650412834820985,
CdSe,1.0,"PBE+MBD(vvpol[nm],corr,beta[0.8])",-2.6266724370250403,-0.1716724370250402,-0.0699276729226233,
CdSe,1.0,"PBE+MBD(vvpol[nm],corr,beta[0.8],17base)",-2.606956131007325,-0.15195613100732475,-0.06189659104168014,
CdSe,1.0,"PBE+MBD(vvpol[nm],corr,beta[0.8],17base,vdw[BG])",-2.593039322856069,-0.138039322856069,-0.056227830083938495,
CdSe,1.0,"PBE+MBD(vvpol[nm],corr,beta[0.8],vdw17)",-2.5869163324923106,-0.1319163324923105,-0.0537337403227334,
CdSe,1.0,PBE,-2.3010479915339315,0.1539520084660686,0.06270957574992611,
CdTe,1.0,"PBE+MBD(rpa,scs)",-2.161425412835283,0.06357458716471687,0.028572848163917693,
CdTe,1.0,"PBE+MBD(rpa,vvpol,corr,beta[0.8],17base)",-2.2402817515509224,-0.015281751550922262,-0.006868202944234725,
CdTe,1.0,"PBE+MBD(rpa,vvpol[nm],beta[0.8],17base)",-2.1208490537056877,0.10415094629431243,0.046809414064859514,
CdTe,1.0,"PBE+MBD(rpa,vvpol[nm],corr,beta[0.8])",-2.238654328634482,-0.013654328634482127,-0.00613677691437399,
CdTe,1.0,"PBE+MBD(rpa,vvpol[nm],corr,beta[0.8],17base)",-2.2174064995074527,0.007593500492547367,0.003412809210133648,
CdTe,1.0,"PBE+MBD(rpa,vvpol[nm],corr,beta[0.8],17base,vdw[BG])",-2.2173932011277886,0.007606798872211495,0.0034187860099826944,
CdTe,1.0,"PBE+MBD(rpa,vvpol[nm],corr,beta[0.8],vdw17)",-2.197641213013639,0.02735878698636096,0.012296084038813914,
CdTe,1.0,PBE+MBD(scs),-2.159363826175092,0.06563617382490827,0.02949940396625091,
CdTe,1.0,"PBE+MBD(vvpol,corr,beta[0.8],17base)",-2.2449107962872867,-0.019910796287286647,-0.008948672488668156,
CdTe,1.0,"PBE+MBD(vvpol[nm],beta[0.8],17base)",-2.1205003778499845,0.10449962215001563,0.046966122314613765,
CdTe,1.0,"PBE+MBD(vvpol[nm],corr,beta[0.8])",-2.2417135456502195,-0.01671354565021943,-0.00751170591021098,
CdTe,1.0,"PBE+MBD(vvpol[nm],corr,beta[0.8],17base)",-2.2202047947832306,0.00479520521676946,0.002155148412031218,
CdTe,1.0,"PBE+MBD(vvpol[nm],corr,beta[0.8],17base,vdw[BG])",-2.2222031889436753,0.0027968110563247883,0.00125699373317968,
CdTe,1.0,"PBE+MBD(vvpol[nm],corr,beta[0.8],vdw17)",-2.200196064902687,0.024803935097313268,0.01114783599879248,
CdTe,1.0,PBE,-1.9125266412353557,0.31247335876464444,0.14043746461332335,
Cu,1.0,"PBE+MBD(rpa,scs)",-4.12998595235309,-0.63998595235309,-0.1833770637114871,
Cu,1.0,"PBE+MBD(rpa,vvpol,corr,beta[0.8],17base)",-4.105938604183252,-0.6159386041832517,-0.17648670606969963,
Cu,1.0,"PBE+MBD(rpa,vvpol[nm],beta[0.8],17base)",-3.5882672058294327,-0.09826720582943249,-0.028156792501270053,
Cu,1.0,"PBE+MBD(rpa,vvpol[nm],corr,beta[0.8])",-3.744594337026085,-0.2545943370260848,-0.0729496667696518,
Cu,1.0,"PBE+MBD(rpa,vvpol[nm],corr,beta[0.8],17base)",-3.67766689199528,-0.18766689199527997,-0.05377274842271632,
Cu,1.0,"PBE+MBD(rpa,vvpol[nm],corr,beta[0.8],17base,vdw[BG])",-3.6852747334745186,-0.1952747334745184,-0.05595264569470441,
Cu,1.0,"PBE+MBD(rpa,vvpol[nm],corr,beta[0.8],vdw17)",-3.7560307953037837,-0.2660307953037835,-0.07622658891225888,
Cu,1.0,PBE+MBD(scs),,,,
Cu,1.0,"PBE+MBD(vvpol,corr,beta[0.8],17base)",,,,
Cu,1.0,"PBE+MBD(vvpol[nm],beta[0.8],17base)",-3.5887154108450425,-0.09871541084504232,-0.02828521800717545,
Cu,1.0,"PBE+MBD(vvpol[nm],corr,beta[0.8])",-3.7463453002996756,-0.2563453002996754,-0.07345137544403306,
Cu,1.0,"PBE+MBD(vvpol[nm],corr,beta[0.8],17base)",-3.6787033625811296,-0.1887033625811294,-0.05406973139860441,
Cu,1.0,"PBE+MBD(vvpol[nm],corr,beta[0.8],17base,vdw[BG])",-3.6858403759019356,-0.19584037590193537,-0.056114720888806695,
Cu,1.0,"PBE+MBD(vvpol[nm],corr,beta[0.8],vdw17)",-3.7578996521819765,-0.2678996521819763,-0.07676207798910495,
Cu,1.0,PBE,-3.517661506263354,-0.02766150626335362,-0.007925933026748887,
Fe,1.0,"PBE+MBD(rpa,scs)",-5.885034175838807,-1.6050341758388065,-0.3750079850090669,
Fe,1.0,"PBE+MBD(rpa,vvpol,corr,beta[0.8],17base)",-5.488141500747616,-1.2081415007476162,-0.28227605157654584,
Fe,1.0,"PBE+MBD(rpa,vvpol[nm],beta[0.8],17base)",-5.196305747666899,-0.9163057476668985,-0.21409012795955573,
Fe,1.0,"PBE+MBD(rpa,vvpol[nm],corr,beta[0.8])",-5.263251172306289,-0.9832511723062884,-0.22973158231455337,
Fe,1.0,"PBE+MBD(rpa,vvpol[nm],corr,beta[0.8],17base)",-5.247142361145691,-0.9671423611456911,-0.22596784138918014,
Fe,1.0,"PBE+MBD(rpa,vvpol[nm],corr,beta[0.8],17base,vdw[BG])",-5.258807128893066,-0.9788071288930658,-0.2286932544142677,
Fe,1.0,"PBE+MBD(rpa,vvpol[nm],corr,beta[0.8],vdw17)",-5.3377492510374545,-1.0577492510374542,-0.24713767547604068,
Fe,1.0,PBE+MBD(scs),-5.89673745421565,-1.6167374542156496,-0.3777423958447779,
Fe,1.0,"PBE+MBD(vvpol,corr,beta[0.8],17base)",-5.499169001806418,-1.219169001806418,-0.2848525705155182,
Fe,1.0,"PBE+MBD(vvpol[nm],beta[0.8],17base)",-5.196833127048202,-0.9168331270482017,-0.21421334744116863,
Fe,1.0,"PBE+MBD(vvpol[nm],corr,beta[0.8])",-5.262600073620337,-0.9826000736203371,-0.22957945645334976,
Fe,1.0,"PBE+MBD(vvpol[nm],corr,beta[0.8],17base)",-5.246572689212198,-0.9665726892121977,-0.22583474047013966,
Fe,1.0,"PBE+MBD(vvpol[nm],corr,beta[0.8],17base,vdw[BG])",-5.258095844402742,-0.9780958444027421,-0.22852706644923879,
Fe,1.0,"PBE+MBD(vvpol[nm],corr,beta[0.8],vdw17)",-5.3367283284395475,-1.0567283284395472,-0.2468991421587727,
Fe,1.0,PBE,-5.136890118700036,-0.8568901187000355,-0.2002079716588868,
GaAs,1.0,"PBE+MBD(rpa,scs)",-3.4394854590838646,-0.12948545908386455,-0.03911947404346361,
GaAs,1.0,"PBE+MBD(rpa,vvpol,corr,beta[0.8],17base)",-3.454487002372004,-0.14448700237200374,-0.043651662348037384,
GaAs,1.0,"PBE+MBD(rpa,vvpol[nm],beta[0.8],17base)",-3.358285665875742,-0.04828566587574201,-0.014587814463970396,
GaAs,1.0,"PBE+MBD(rpa,vvpol[nm],corr,beta[0.8])",-3.450328024852274,-0.1403280248522738,-0.04239517367138181,
GaAs,1.0,"PBE+MBD(rpa,vvpol[nm],corr,beta[0.8],17base)",-3.427197431617735,-0.11719743161773488,-0.0354070790385906,
GaAs,1.0,"PBE+MBD(rpa,vvpol[nm],corr,beta[0.8],17base,vdw[BG])",-3.4297883560114424,-0.11978835601144233,-0.036189835653003724,
GaAs,1.0,"PBE+MBD(rpa,vvpol[nm],corr,beta[0.8],vdw17)",-3.436993119273895,-0.1269931192738949,-0.03836650129120692,
GaAs,1.0,PBE+MBD(scs),-3.442326764659052,-0.13232676465905202,-0.039977874519351066,
GaAs,1.0,"PBE+MBD(vvpol,corr,beta[0.8],17base)",-3.461648980599032,-0.15164898059903198,-0.04581540199366525,
GaAs,1.0,"PBE+MBD(vvpol[nm],beta[0.8],17base)",-3.3575830600224985,-0.04758306002249846,-0.014375546834591678,
GaAs,1.0,"PBE+MBD(vvpol[nm],corr,beta[0.8])",-3.455144303244588,-0.14514430324458782,-0.043850242672080916,
GaAs,1.0,"PBE+MBD(vvpol[nm],corr,beta[0.8],17base)",-3.4313145301379646,-0.12131453013796456,-0.03665091544953612,
GaAs,1.0,"PBE+MBD(vvpol[nm],corr,beta[0.8],17base,vdw[BG])",-3.432195231458722,-0.12219523145872202,-0.03691698835610937,
GaAs,1.0,"PBE+MBD(vvpol[nm],corr,beta[0.8],vdw17)",-3.4414311974545324,-0.13143119745453236,-0.039707310409224275,
GaAs,1.0,PBE,-3.162544030226102,0.14745596977389797,0.044548631351630806,
GaN,1.0,"PBE+MBD(rpa,scs)",-4.669757961512745,-0.18975796151274427,-0.04235668783766613,
GaN,1.0,"PBE+MBD(rpa,vvpol,corr,beta[0.8],17base)",-4.642195622845955,-0.1621956228459549,-0.0362043800995435,
GaN,1.0,"PBE+MBD(rpa,vvpol[nm],beta[0.8],17base)",-4.5767920279506065,-0.09679202795060604,-0.021605363381831704,
GaN,1.0,"PBE+MBD(rpa,vvpol[nm],corr,beta[0.8])",-4.654141100838676,-0.17414110083867573,-0.0388707814372044,
GaN,1.0,"PBE+MBD(rpa,vvpol[nm],corr,beta[0.8],17base)",-4.623455449947581,-0.14345544994758086,-0.03202130579187072,
GaN,1.0,"PBE+MBD(rpa,vvpol[nm],corr,beta[0.8],17base,vdw[BG])",-4.623981355068753,-0.14398135506875231,-0.032138695327846495,
GaN,1.0,"PBE+MBD(rpa,vvpol[nm],corr,beta[0.8],vdw17)",-4.64620076367089,-0.16620076367088998,-0.03709838474796651,
GaN,1.0,PBE+MBD(scs),-4.671505593437913,-0.1915055934379124,-0.042746784249534014,
GaN,1.0,"PBE+MBD(vvpol,corr,beta[0.8],17base)",-4.653029962736064,-0.17302996273606386,-0.038622759539299965,
GaN,1.0,"PBE+MBD(vvpol[nm],beta[0.8],17base)",-4.576043703679978,-0.09604370367997728,-0.02143832671428064,
GaN,1.0,"PBE+MBD(vvpol[nm],corr,beta[0.8])",-4.659419038391603,-0.179419038391603,-0.04004889249812567,
GaN,1.0,"PBE+MBD(vvpol[nm],corr,beta[0.8],17base)",-4.627610130287076,-0.1476101302870756,-0.03294868979622223,
GaN,1.0,"PBE+MBD(vvpol[nm],corr,beta[0.8],17base,vdw[BG])",-4.624524050038769,-0.14452405003876834,-0.03225983259793936,
GaN,1.0,"PBE+MBD(vvpol[nm],corr,beta[0.8],vdw17)",-4.6514322149421785,-0.17143221494217808,-0.038266119406736174,
GaN,1.0,PBE,-4.4057781093153014,0.07422189068469898,0.016567386313548878,
GaP,1.0,"PBE+MBD(rpa,scs)",-3.78291297024213,-0.22291297024212975,-0.06261600287700274,
GaP,1.0,"PBE+MBD(rpa,vvpol,corr,beta[0.8],17base)",-3.781004787027705,-0.22100478702770499,-0.06207999635609691,
GaP,1.0,"PBE+MBD(rpa,vvpol[nm],beta[0.8],17base)",-3.694967292036599,-0.13496729203659896,-0.03791216068443791,
GaP,1.0,"PBE+MBD(rpa,vvpol[nm],corr,beta[0.8])",-3.779994757781503,-0.21999475778150313,-0.06179628027570312,
GaP,1.0,"PBE+MBD(rpa,vvpol[nm],corr,beta[0.8],17base)",-3.7540468922972847,-0.19404689229728467,-0.0545075540160912,
GaP,1.0,"PBE+MBD(rpa,vvpol[nm],corr,beta[0.8],17base,vdw[BG])",-3.75147922701656,-0.19147922701655995,-0.053786299723752796,
GaP,1.0,"PBE+MBD(rpa,vvpol[nm],corr,beta[0.8],vdw17)",-3.768385791325384,-0.20838579132538415,-0.05853533464196184,
GaP,1.0,PBE+MBD(scs),-3.784921152245556,-0.22492115224555587,-0.06318009894538086,
GaP,1.0,"PBE+MBD(vvpol,corr,beta[0.8],17base)",-3.788802302129177,-0.22880230212917674,-0.0642703095868474,
GaP,1.0,"PBE+MBD(vvpol[nm],beta[0.8],17base)",-3.6940142036463337,-0.13401420364633365,-0.03764443922649822,
GaP,1.0,"PBE+MBD(vvpol[nm],corr,beta[0.8])",-3.7850470549550903,-0.22504705495509025,-0.06321546487502536,
GaP,1.0,"PBE+MBD(vvpol[nm],corr,beta[0.8],17base)",-3.758288185063183,-0.1982881850631828,-0.05569892838853449,
GaP,1.0,"PBE+MBD(vvpol[nm],corr,beta[0.8],17base,vdw[BG])",-3.753323162800116,-0.19332316280011597,-0.05430425921351572,
GaP,1.0,"PBE+MBD(vvpol[nm],corr,beta[0.8],vdw17)",-3.7730931100461054,-0.21309311004610532,-0.059857615181490256,
GaP,1.0,PBE,-3.500299494840108,0.059700505159892,0.016769804820194384,
GaSb,1.0,"PBE+MBD(rpa,scs)",-3.1232076819247103,-0.12320768192471032,-0.041069227308236776,
GaSb,1.0,"PBE+MBD(rpa,vvpol,corr,beta[0.8],17base)",-3.1566114336477256,-0.15661143364772556,-0.05220381121590852,
GaSb,1.0,"PBE+MBD(rpa,vvpol[nm],beta[0.8],17base)",-3.04613203753789,-0.04613203753789019,-0.015377345845963397,
GaSb,1.0,"PBE+MBD(rpa,vvpol[nm],corr,beta[0.8])",-3.150299191100988,-0.15029919110098788,-0.05009973036699596,
GaSb,1.0,"PBE+MBD(rpa,vvpol[nm],corr,beta[0.8],17base)",-3.1234621509690714,-0.12346215096907143,-0.04115405032302381,
GaSb,1.0,"PBE+MBD(rpa,vvpol[nm],corr,beta[0.8],17base,vdw[BG])",-3.131145844837003,-0.1311458448370031,-0.043715281612334365,
GaSb,1.0,"PBE+MBD(rpa,vvpol[nm],corr,beta[0.8],vdw17)",-3.12831628785406,-0.12831628785406002,-0.04277209595135334,
GaSb,1.0,PBE+MBD(scs),-3.1254457156520976,-0.1254457156520976,-0.041815238550699206,
GaSb,1.0,"PBE+MBD(vvpol,corr,beta[0.8],17base)",-3.1660388961272004,-0.16603889612720035,-0.05534629870906679,
GaSb,1.0,"PBE+MBD(vvpol[nm],beta[0.8],17base)",-3.0462180145271964,-0.04621801452719643,-0.01540600484239881,
GaSb,1.0,"PBE+MBD(vvpol[nm],corr,beta[0.8])",-3.15635107744377,-0.15635107744376997,-0.05211702581458999,
GaSb,1.0,"PBE+MBD(vvpol[nm],corr,beta[0.8],17base)",-3.1288597446281394,-0.12885974462813943,-0.04295324820937981,
GaSb,1.0,"PBE+MBD(vvpol[nm],corr,beta[0.8],17base,vdw[BG])",-3.135126363291588,-0.135126363291588,-0.045042121097196,
GaSb,1.0,"PBE+MBD(vvpol[nm],corr,beta[0.8],vdw17)",-3.133852893858064,-0.1338528938580641,-0.044617631286021364,
GaSb,1.0,PBE,-2.8460476768425784,0.15395232315742158,0.05131744105247386,
Ge,1.0,"PBE+MBD(rpa,scs)",-4.008762760331589,-0.13876276033158863,-0.03585601042159913,
Ge,1.0,"PBE+MBD(rpa,vvpol,corr,beta[0.8],17base)",-4.015403996713496,-0.1454039967134957,-0.03757209217402989,
Ge,1.0,"PBE+MBD(rpa,vvpol[nm],beta[0.8],17base)",-3.9319059736996014,-0.06190597369960127,-0.015996375632971904,
Ge,1.0,"PBE+MBD(rpa,vvpol[nm],corr,beta[0.8])",-3.9957268962744688,-0.12572689627446865,-0.032487570096761925,
Ge,1.0,"PBE+MBD(rpa,vvpol[nm],corr,beta[0.8],17base)",-3.9871270485574994,-0.11712704855749934,-0.030265387224160036,
Ge,1.0,"PBE+MBD(rpa,vvpol[nm],corr,beta[0.8],17base,vdw[BG])",-3.9975722629012913,-0.1275722629012912,-0.0329644090184215,
Ge,1.0,"PBE+MBD(rpa,vvpol[nm],corr,beta[0.8],vdw17)",-3.998905406155943,-0.1289054061559427,-0.03330889047957176,
Ge,1.0,PBE+MBD(scs),-4.00833632241282,-0.1383363224128198,-0.03574581974491468,
Ge,1.0,"PBE+MBD(vvpol,corr,beta[0.8],17base)",-4.020081654402132,-0.15008165440213173,-0.03878078925119683,
Ge,1.0,"PBE+MBD(vvpol[nm],beta[0.8],17base)",-3.931326544387324,-0.06132654438732388,-0.01584665229646612,
Ge,1.0,"PBE+MBD(vvpol[nm],corr,beta[0.8])",-3.998560900858332,-0.12856090085833172,-0.03321987102282473,
Ge,1.0,"PBE+MBD(vvpol[nm],corr,beta[0.8],17base)",-3.9898515645863997,-0.11985156458639956,-0.030969396533953374,
Ge,1.0,"PBE+MBD(vvpol[nm],corr,beta[0.8],17base,vdw[BG])",-3.9990727032054343,-0.12907270320543418,-0.03335211969132666,
Ge,1.0,"PBE+MBD(vvpol[nm],corr,beta[0.8],vdw17)",-4.001780401083249,-0.1317804010832493,-0.03405178322564581,
Ge,1.0,PBE,-3.7305450234575623,0.13945497654243777,0.03603487765954464,
HfC,1.0,"PBE+MBD(rpa,scs)",-8.64132089873663,-0.5313208987366309,-0.06551429084298778,
HfC,1.0,"PBE+MBD(rpa,vvpol,corr,beta[0.8],17base)",-8.398955189134822,-0.288955189134823,-0.03562949311156881,
HfC,1.0,"PBE+MBD(rpa,vvpol[nm],beta[0.8],17base)",-8.243904830160087,-0.13390483016008758,-0.01651107646856814,
HfC,1.0,"PBE+MBD(rpa,vvpol[nm],corr,beta[0.8])",-8.365692980396522,-0.2556929803965229,-0.03152811102299913,
HfC,1.0,"PBE+MBD(rpa,vvpol[nm],corr,beta[0.8],17base)",-8.301298645926325,-0.1912986459263255,-0.023587995798560482,
HfC,1.0,"PBE+MBD(rpa,vvpol[nm],corr,beta[0.8],17base,vdw[BG])",-8.283667540697587,-0.17366754069758805,-0.02141400008601579,
HfC,1.0,"PBE+MBD(rpa,vvpol[nm],corr,beta[0.8],vdw17)",-8.392542965869964,-0.28254296586996475,-0.03483883672872562,
HfC,1.0,PBE+MBD(scs),,,,
HfC,1.0,"PBE+MBD(vvpol,corr,beta[0.8],17base)",,,,
HfC,1.0,"PBE+MBD(vvpol[nm],beta[0.8],17base)",-8.244034874222898,-0.13403487422289828,-0.016527111494808667,
HfC,1.0,"PBE+MBD(vvpol[nm],corr,beta[0.8])",-8.367181419518722,-0.257181419518723,-0.03171164235742577,
HfC,1.0,"PBE+MBD(vvpol[nm],corr,beta[0.8],17base)",-8.302155937850792,-0.1921559378507922,-0.023693703804043433,
HfC,1.0,"PBE+MBD(vvpol[nm],corr,beta[0.8],17base,vdw[BG])",-8.282966171660913,-0.17296617166091366,-0.021327518083959763,
HfC,1.0,"PBE+MBD(vvpol[nm],corr,beta[0.8],vdw17)",-8.39424328475106,-0.2842432847510601,-0.035048493804076465,
HfC,1.0,PBE,-8.0948754267891,0.015124573210899328,0.0018649288792724204,
HfN,1.0,"PBE+MBD(rpa,scs)",-8.115167424116665,-0.08516742411666556,-0.010606154933582261,
HfN,1.0,"PBE+MBD(rpa,vvpol,corr,beta[0.8],17base)",-7.830335612521853,0.19966438747814674,0.024864805414464106,
HfN,1.0,"PBE+MBD(rpa,vvpol[nm],beta[0.8],17base)",-7.6922913744040455,0.3377086255959538,0.04205586869189961,
HfN,1.0,"PBE+MBD(rpa,vvpol[nm],corr,beta[0.8])",-7.805356438905048,0.22464356109495132,0.027975536873592943,
HfN,1.0,"PBE+MBD(rpa,vvpol[nm],corr,beta[0.8],17base)",-7.741346323330877,0.28865367666912256,0.03594690867610493,
HfN,1.0,"PBE+MBD(rpa,vvpol[nm],corr,beta[0.8],17base,vdw[BG])",-7.7261213269110645,0.3038786730889349,0.03784292317421357,
HfN,1.0,"PBE+MBD(rpa,vvpol[nm],corr,beta[0.8],vdw17)",-7.825762588662899,0.20423741133710038,0.025434297800386103,
HfN,1.0,PBE+MBD(scs),,,,
HfN,1.0,"PBE+MBD(vvpol,corr,beta[0.8],17base)",,,,
HfN,1.0,"PBE+MBD(vvpol[nm],beta[0.8],17base)",-7.692970273956309,0.3370297260436903,0.04197132329311212,
HfN,1.0,"PBE+MBD(vvpol[nm],corr,beta[0.8])",-7.806105381342445,0.2238946186575541,0.027882268824103877,
HfN,1.0,"PBE+MBD(vvpol[nm],corr,beta[0.8],17base)",-7.741767962656624,0.2882320373433753,0.03589440066542657,
HfN,1.0,"PBE+MBD(vvpol[nm],corr,beta[0.8],17base,vdw[BG])",-7.725827599758335,0.30417240024166414,0.03787950189809018,
HfN,1.0,"PBE+MBD(vvpol[nm],corr,beta[0.8],vdw17)",-7.82661071804531,0.20338928195468942,0.025328677702950116,
HfN,1.0,PBE,-7.537229747412142,0.49277025258785745,0.061366158479185244,
InAs,1.0,"PBE+MBD(rpa,scs)",-3.17963151417367,-0.12963151417367014,-0.04250213579464595,
InAs,1.0,"PBE+MBD(rpa,vvpol,corr,beta[0.8],17base)",-3.2073818763177444,-0.15738187631774458,-0.05160061518614577,
InAs,1.0,"PBE+MBD(rpa,vvpol[nm],beta[0.8],17base)",-3.107303606985318,-0.05730360698531811,-0.018788067864038725,
InAs,1.0,"PBE+MBD(rpa,vvpol[nm],corr,beta[0.8])",-3.214150096565584,-0.1641500965655842,-0.05381970379199483,
InAs,1.0,"PBE+MBD(rpa,vvpol[nm],corr,beta[0.8],17base)",-3.1810939474764006,-0.1310939474764008,-0.0429816221234101,
InAs,1.0,"PBE+MBD(rpa,vvpol[nm],corr,beta[0.8],17base,vdw[BG])",-3.1796435314516125,-0.12964353145161267,-0.042506075885774645,
InAs,1.0,"PBE+MBD(rpa,vvpol[nm],corr,beta[0.8],vdw17)",-3.184322757445697,-0.13432275744569733,-0.044040248342851585,
InAs,1.0,PBE+MBD(scs),-3.1828307787215167,-0.13283077872151683,-0.04355107499066126,
InAs,1.0,"PBE+MBD(vvpol,corr,beta[0.8],17base)",-3.213608722995734,-0.16360872299573437,-0.05364220426089652,
InAs,1.0,"PBE+MBD(vvpol[nm],beta[0.8],17base)",-3.1070327772065887,-0.057032777206588836,-0.01869927121527503,
InAs,1.0,"PBE+MBD(vvpol[nm],corr,beta[0.8])",-3.219269686927279,-0.1692696869272794,-0.05549825800894407,
InAs,1.0,"PBE+MBD(vvpol[nm],corr,beta[0.8],17base)",-3.185418797489601,-0.13541879748960106,-0.04439960573429543,
InAs,1.0,"PBE+MBD(vvpol[nm],corr,beta[0.8],17base,vdw[BG])",-3.182988180247656,-0.13298818024765602,-0.04360268204841181,
InAs,1.0,"PBE+MBD(vvpol[nm],corr,beta[0.8],vdw17)",-3.1887804006230778,-0.13878040062307795,-0.04550177069609113,
InAs,1.0,PBE,-2.90962500969078,0.14037499030921996,0.0460245869866295,
InP,1.0,"PBE+MBD(rpa,scs)",-3.44422694248621,-0.014226942486209815,-0.004147796643209858,
InP,1.0,"PBE+MBD(rpa,vvpol,corr,beta[0.8],17base)",-3.4566532414127558,-0.0266532414127556,-0.007770624318587638,
InP,1.0,"PBE+MBD(rpa,vvpol[nm],beta[0.8],17base)",-3.3669870339063483,0.06301296609365181,0.018371127141006357,
InP,1.0,"PBE+MBD(rpa,vvpol[nm],corr,beta[0.8])",-3.4681760052626993,-0.03817600526269915,-0.011130030688833573,
InP,1.0,"PBE+MBD(rpa,vvpol[nm],corr,beta[0.8],17base)",-3.431764309893633,-0.0017643098936326318,-0.0005143760622835661,
InP,1.0,"PBE+MBD(rpa,vvpol[nm],corr,beta[0.8],17base,vdw[BG])",-3.4256802494480585,0.00431975055194167,0.0012594024932774549,
InP,1.0,"PBE+MBD(rpa,vvpol[nm],corr,beta[0.8],vdw17)",-3.438832139697165,-0.008832139697164898,-0.002574967841739037,
InP,1.0,PBE+MBD(scs),-3.447289314342208,-0.017289314342207707,-0.005040616426299623,
InP,1.0,"PBE+MBD(vvpol,corr,beta[0.8],17base)",-3.463251333002452,-0.033251333002451755,-0.009694266181472814,
InP,1.0,"PBE+MBD(vvpol[nm],beta[0.8],17base)",-3.366348701531106,0.06365129846889417,0.01855722987431317,
InP,1.0,"PBE+MBD(vvpol[nm],corr,beta[0.8])",-3.4735134600928954,-0.04351346009289525,-0.012686139968774124,
InP,1.0,"PBE+MBD(vvpol[nm],corr,beta[0.8],17base)",-3.436164688376568,-0.006164688376567806,-0.0017972852409818675,
InP,1.0,"PBE+MBD(vvpol[nm],corr,beta[0.8],17base,vdw[BG])",-3.4284880236888258,0.00151197631117439,0.0004408094201674606,
InP,1.0,"PBE+MBD(vvpol[nm],corr,beta[0.8],vdw17)",-3.4434700544890435,-0.01347005448904337,-0.003927129588642382,
InP,1.0,PBE,-3.1689807721565675,0.2610192278434327,0.07609890024589874,
InSb,1.0,"PBE+MBD(rpa,scs)",-2.9318234418179348,-0.14182344181793471,-0.05083277484513789,
InSb,1.0,"PBE+MBD(rpa,vvpol,corr,beta[0.8],17base)",-2.972277437770424,-0.18227743777042393,-0.06533241497147811,
InSb,1.0,"PBE+MBD(rpa,vvpol[nm],beta[0.8],17base)",-2.8614191849413673,-0.07141918494136723,-0.025598274172533058,
InSb,1.0,"PBE+MBD(rpa,vvpol[nm],corr,beta[0.8])",-2.976671176246699,-0.18667117624669904,-0.06690723162964124,
InSb,1.0,"PBE+MBD(rpa,vvpol[nm],corr,beta[0.8],17base)",-2.94167667428132,-0.1516766742813198,-0.054364399383985594,
InSb,1.0,"PBE+MBD(rpa,vvpol[nm],corr,beta[0.8],17base,vdw[BG])",-2.9452346857964335,-0.1552346857964335,-0.05563967232847079,
InSb,1.0,"PBE+MBD(rpa,vvpol[nm],corr,beta[0.8],vdw17)",-2.9410766893418,-0.15107668934179985,-0.05414935101856626,
InSb,1.0,PBE+MBD(scs),-2.9342606744650093,-0.14426067446500923,-0.051706334933695065,
InSb,1.0,"PBE+MBD(vvpol,corr,beta[0.8],17base)",-2.9792976177179717,-0.1892976177179717,-0.06784860850106512,
InSb,1.0,"PBE+MBD(vvpol[nm],beta[0.8],17base)",-2.8619683450824516,-0.07196834508245153,-0.025795105764319547,
InSb,1.0,"PBE+MBD(vvpol[nm],corr,beta[0.8])",-2.982571451056971,-0.19257145105697093,-0.06902202546844836,
InSb,1.0,"PBE+MBD(vvpol[nm],corr,beta[0.8],17base)",-2.9468805115435055,-0.15688051154350546,-0.05622957402993027,
InSb,1.0,"PBE+MBD(vvpol[nm],corr,beta[0.8],17base,vdw[BG])",-2.9498039473788995,-0.15980394737889947,-0.0572774004942292,
InSb,1.0,"PBE+MBD(vvpol[nm],corr,beta[0.8],vdw17)",-2.9462789035717436,-0.15627890357174357,-0.056013943932524575,
InSb,1.0,PBE,-2.6614063022427743,0.12859369775722573,0.04609093109577983,
Ir,1.0,"PBE+MBD(rpa,scs)",-7.993115278229592,-1.0531152782295914,-0.1517457173241486,
Ir,1.0,"PBE+MBD(rpa,vvpol,corr,beta[0.8],17base)",-7.805320350389393,-0.8653203503893927,-0.12468592945092113,
Ir,1.0,"PBE+MBD(rpa,vvpol[nm],beta[0.8],17base)",-7.56638175890567,-0.6263817589056693,-0.09025673759447683,
Ir,1.0,"PBE+MBD(rpa,vvpol[nm],corr,beta[0.8])",-7.653602698021937,-0.713602698021937,-0.10282459625676325,
Ir,1.0,"PBE+MBD(rpa,vvpol[nm],corr,beta[0.8],17base)",-7.609184288823657,-0.669184288823657,-0.09642424911003702,
Ir,1.0,"PBE+MBD(rpa,vvpol[nm],corr,beta[0.8],17base,vdw[BG])",-7.699569912034301,-0.7595699120343005,-0.10944811412597989,
Ir,1.0,"PBE+MBD(rpa,vvpol[nm],corr,beta[0.8],vdw17)",-7.688257746468669,-0.7482577464686688,-0.10781811908770443,
Ir,1.0,PBE+MBD(scs),-8.009867584922958,-1.0698675849229575,-0.15415959436930224,
Ir,1.0,"PBE+MBD(vvpol,corr,beta[0.8],17base)",,,,
Ir,1.0,"PBE+MBD(vvpol[nm],beta[0.8],17base)",-7.567758062294679,-0.6277580622946788,-0.0904550522038442,
Ir,1.0,"PBE+MBD(vvpol[nm],corr,beta[0.8])",-7.6528214030601385,-0.7128214030601381,-0.10271201773200836,
Ir,1.0,"PBE+MBD(vvpol[nm],corr,beta[0.8],17base)",-7.608491220784438,-0.6684912207844373,-0.09632438339833391,
Ir,1.0,"PBE+MBD(vvpol[nm],corr,beta[0.8],17base,vdw[BG])",-7.706546799155672,-0.7665467991556714,-0.1104534292731515,
Ir,1.0,"PBE+MBD(vvpol[nm],corr,beta[0.8],vdw17)",-7.687398240286278,-0.7473982402862775,-0.10769427093462212,
Ir,1.0,PBE,-7.392495831139037,-0.4524958311390366,-0.06520112840620124,
K,1.0,"PBE+MBD(rpa,scs)",-6.971347893760133,-6.0413478937601335,-6.496073004043154,
K,1.0,"PBE+MBD(rpa,vvpol,corr,beta[0.8],17base)",-1.2932440029805257,-0.3632440029805256,-0.39058494944142536,
K,1.0,"PBE+MBD(rpa,vvpol[nm],beta[0.8],17base)",-0.8919194739777325,0.038080526022267525,0.040946802174481205,
K,1.0,"PBE+MBD(rpa,vvpol[nm],corr,beta[0.8])",-0.958212847528199,-0.02821284752819897,-0.030336395191611795,
K,1.0,"PBE+MBD(rpa,vvpol[nm],corr,beta[0.8],17base)",-0.9094525949327772,0.020547405067222857,0.02209398394325038,
K,1.0,"PBE+MBD(rpa,vvpol[nm],corr,beta[0.8],17base,vdw[BG])",-0.9097413638971473,0.020258636102852723,0.021783479680486797,
K,1.0,"PBE+MBD(rpa,vvpol[nm],corr,beta[0.8],vdw17)",-0.9492063145715167,-0.01920631457151667,-0.02065195115216846,
K,1.0,PBE+MBD(scs),,,,
K,1.0,"PBE+MBD(vvpol,corr,beta[0.8],17base)",,,,
K,1.0,"PBE+MBD(vvpol[nm],beta[0.8],17base)",-0.8919070117749753,0.038092988225024715,0.040960202392499694,
K,1.0,"PBE+MBD(vvpol[nm],corr,beta[0.8])",-0.9600724674674187,-0.03007246746741865,-0.032335986524106075,
K,1.0,"PBE+MBD(vvpol[nm],corr,beta[0.8],17base)",-0.9101407118333881,0.019859288166611977,0.021354073297432233,
K,1.0,"PBE+MBD(vvpol[nm],corr,beta[0.8],17base,vdw[BG])",-0.9104109657572134,0.019589034242786685,0.02106347768041579,
K,1.0,"PBE+MBD(vvpol[nm],corr,beta[0.8],vdw17)",-0.950851827057161,-0.020851827057160932,-0.022421319416302075,
K,1.0,PBE,-0.8812613006441292,0.04873869935587083,0.05240720360846325,
Li,1.0,"PBE+MBD(rpa,scs)",-3.0228345718615786,-1.3928345718615787,-0.8544997373383919,
Li,1.0,"PBE+MBD(rpa,vvpol,corr,beta[0.8],17base)",-1.875909709169484,-0.24590970916948418,-0.1508648522512173,
Li,1.0,"PBE+MBD(rpa,vvpol[nm],beta[0.8],17base)",-1.619333142923823,0.010666857076176983,0.006544084095814101,
Li,1.0,"PBE+MBD(rpa,vvpol[nm],corr,beta[0.8])",-1.6209059824527647,0.009094017547235156,0.005579151869469421,
Li,1.0,"PBE+MBD(rpa,vvpol[nm],corr,beta[0.8],17base)",-1.6199340040716308,0.010065995928369098,0.006175457624766318,
Li,1.0,"PBE+MBD(rpa,vvpol[nm],corr,beta[0.8],17base,vdw[BG])",-1.6199496882665825,0.010050311733417416,0.006165835419274489,
Li,1.0,"PBE+MBD(rpa,vvpol[nm],corr,beta[0.8],vdw17)",-1.6248229626531683,0.005177037346831614,0.003176096531798537,
Li,1.0,PBE+MBD(scs),,,,
Li,1.0,"PBE+MBD(vvpol,corr,beta[0.8],17base)",,,,
Li,1.0,"PBE+MBD(vvpol[nm],beta[0.8],17base)",-1.6193345448617158,0.010665455138284097,0.0065432240112172375,
Li,1.0,"PBE+MBD(vvpol[nm],corr,beta[0.8])",-1.6209575048815619,0.009042495118438021,0.005547543017446639,
Li,1.0,"PBE+MBD(vvpol[nm],corr,beta[0.8],17base)",-1.6199608775933256,0.010039122406674261,0.006158970801640651,
Li,1.0,"PBE+MBD(vvpol[nm],corr,beta[0.8],17base,vdw[BG])",-1.6199774741031623,0.010022525896837609,0.006148788893765404,
Li,1.0,"PBE+MBD(vvpol[nm],corr,beta[0.8],vdw17)",-1.6249738791544819,0.005026120845518012,0.0030835097211766947,
Li,1.0,PBE,-1.6188750300496433,0.011124969950356611,0.006825134938869087,
LiCl,1.0,"PBE+MBD(rpa,scs)",,,,
LiCl,1.0,"PBE+MBD(rpa,vvpol,corr,beta[0.8],17base)",-3.5307563456849493,0.019243654315050485,0.005420747694380419,
LiCl,1.0,"PBE+MBD(rpa,vvpol[nm],beta[0.8],17base)",-3.4791291447767034,0.07087085522329639,0.019963621189660958,
LiCl,1.0,"PBE+MBD(rpa,vvpol[nm],corr,beta[0.8])",-3.511918098717217,0.03808190128278266,0.010727296135995115,
LiCl,1.0,"PBE+MBD(rpa,vvpol[nm],corr,beta[0.8],17base)",-3.492161699830205,0.05783830016979463,0.01629247892106891,
LiCl,1.0,"PBE+MBD(rpa,vvpol[nm],corr,beta[0.8],17base,vdw[BG])",-3.4954456426114646,0.0545543573885352,0.01536742461648879,
LiCl,1.0,"PBE+MBD(rpa,vvpol[nm],corr,beta[0.8],vdw17)",-3.506952578303593,0.04304742169640674,0.012126034280677956,
LiCl,1.0,PBE+MBD(scs),,,,
LiCl,1.0,"PBE+MBD(vvpol,corr,beta[0.8],17base)",-3.5304661711077103,0.019533828892289495,0.005502487011912534,
LiCl,1.0,"PBE+MBD(vvpol[nm],beta[0.8],17base)",-3.478520185020572,0.07147981497942801,0.020135159149134652,
LiCl,1.0,"PBE+MBD(vvpol[nm],corr,beta[0.8])",-3.5120765724067673,0.03792342759323253,0.010682655660065501,
LiCl,1.0,"PBE+MBD(vvpol[nm],corr,beta[0.8],17base)",-3.4920695631273357,0.05793043687266408,0.016318432921877207,
LiCl,1.0,"PBE+MBD(vvpol[nm],corr,beta[0.8],17base,vdw[BG])",-3.495242162137095,0.05475783786290478,0.015424743059973179,
LiCl,1.0,"PBE+MBD(vvpol[nm],corr,beta[0.8],vdw17)",-3.507259969007642,0.04274003099235779,0.012039445349959942,
LiCl,1.0,PBE,-3.3741837334015172,0.1758162665984826,0.049525708900981014,
LiF,1.0,"PBE+MBD(rpa,scs)",,,,
LiF,1.0,"PBE+MBD(rpa,vvpol,corr,beta[0.8],17base)",-4.408271716170628,-0.008271716170627386,-0.0018799354933244057,
LiF,1.0,"PBE+MBD(rpa,vvpol[nm],beta[0.8],17base)",-4.39182141455871,0.008178585441290132,0.0018587694184750297,
LiF,1.0,"PBE+MBD(rpa,vvpol[nm],corr,beta[0.8])",-4.406417322016532,-0.006417322016531557,-0.0014584822764844446,
LiF,1.0,"PBE+MBD(rpa,vvpol[nm],corr,beta[0.8],17base)",-4.391207318733364,0.00879268126663657,0.001998336651508311,
LiF,1.0,"PBE+MBD(rpa,vvpol[nm],corr,beta[0.8],17base,vdw[BG])",-4.3948431740432445,0.005156825956755817,0.0011720058992626856,
LiF,1.0,"PBE+MBD(rpa,vvpol[nm],corr,beta[0.8],vdw17)",-4.407223193080758,-0.007223193080757362,-0.0016416347910812184,
LiF,1.0,PBE+MBD(scs),,,,
LiF,1.0,"PBE+MBD(vvpol,corr,beta[0.8],17base)",-4.408413254712598,-0.008413254712597684,-0.0019121033437722009,
LiF,1.0,"PBE+MBD(vvpol[nm],beta[0.8],17base)",-4.391999638805007,0.008000361194993033,0.001818263907952962,
LiF,1.0,"PBE+MBD(vvpol[nm],corr,beta[0.8])",-4.406774015790872,-0.006774015790871779,-0.0015395490433799497,
LiF,1.0,"PBE+MBD(vvpol[nm],corr,beta[0.8],17base)",-4.391350615190256,0.008649384809744198,0.001965769274941863,
LiF,1.0,"PBE+MBD(vvpol[nm],corr,beta[0.8],17base,vdw[BG])",-4.395280295368023,0.004719704631977351,0.0010726601436312159,
LiF,1.0,"PBE+MBD(vvpol[nm],corr,beta[0.8],vdw17)",-4.407825143996797,-0.007825143996796236,-0.0017784418174536898,
LiF,1.0,PBE,-4.3250003196884315,0.0749996803115689,0.01704538188899293,
MgO,1.0,"PBE+MBD(rpa,scs)",-5.3348203795101155,-0.21482037951011534,-0.0419571053730694,
MgO,1.0,"PBE+MBD(rpa,vvpol,corr,beta[0.8],17base)",-5.130229141230355,-0.010229141230355232,-0.0019978791465537563,
MgO,1.0,"PBE+MBD(rpa,vvpol[nm],beta[0.8],17base)",-5.087875995956634,0.03212400404336613,0.006274219539719947,
MgO,1.0,"PBE+MBD(rpa,vvpol[nm],corr,beta[0.8])",-5.107976815625272,0.012023184374728046,0.0023482781981890716,
MgO,1.0,"PBE+MBD(rpa,vvpol[nm],corr,beta[0.8],17base)",-5.095875257547131,0.02412474245286944,0.004711863760326063,
MgO,1.0,"PBE+MBD(rpa,vvpol[nm],corr,beta[0.8],17base,vdw[BG])",-5.1005136834677804,0.01948631653221966,0.0038059211976991525,
MgO,1.0,"PBE+MBD(rpa,vvpol[nm],corr,beta[0.8],vdw17)",-5.122602028346805,-0.0026020283468044525,-0.0005082086614852446,
MgO,1.0,PBE+MBD(scs),,,,
MgO,1.0,"PBE+MBD(vvpol,corr,beta[0.8],17base)",-5.130327232429718,-0.010327232429718336,-0.0020170375839293625,
MgO,1.0,"PBE+MBD(vvpol[nm],beta[0.8],17base)",-5.087781370443089,0.032218629556910905,0.006292701085334161,
MgO,1.0,"PBE+MBD(vvpol[nm],corr,beta[0.8])",-5.107326742313071,0.012673257686929063,0.0024752456419783325,
MgO,1.0,"PBE+MBD(vvpol[nm],corr,beta[0.8],17base)",-5.095274862138956,0.024725137861044466,0.004829128488485247,
MgO,1.0,"PBE+MBD(vvpol[nm],corr,beta[0.8],17base,vdw[BG])",-5.100248791017292,0.01975120898270788,0.0038576580044351327,
MgO,1.0,"PBE+MBD(vvpol[nm],corr,beta[0.8],vdw17)",-5.121908521929439,-0.001908521929438578,-0.00037275818934347227,
MgO,1.0,PBE,-4.974469970818644,0.14553002918135594,0.02842383382448358,
MgS,1.0,"PBE+MBD(rpa,scs)",-4.070638693229224,-0.070638693229224,-0.017659673307306,
MgS,1.0,"PBE+MBD(rpa,vvpol,corr,beta[0.8],17base)",-3.948749632345849,0.05125036765415114,0.012812591913537785,
MgS,1.0,"PBE+MBD(rpa,vvpol[nm],beta[0.8],17base)",-3.8612381740848813,0.13876182591511865,0.03469045647877966,
MgS,1.0,"PBE+MBD(rpa,vvpol[nm],corr,beta[0.8])",-3.893566455563629,0.1064335444363711,0.026608386109092774,
MgS,1.0,"PBE+MBD(rpa,vvpol[nm],corr,beta[0.8],17base)",-3.881659027391534,0.1183409726084661,0.029585243152116525,
MgS,1.0,"PBE+MBD(rpa,vvpol[nm],corr,beta[0.8],17base,vdw[BG])",-3.8865927188110163,0.11340728118898369,0.028351820297245922,
MgS,1.0,"PBE+MBD(rpa,vvpol[nm],corr,beta[0.8],vdw17)",-3.906940656381373,0.09305934361862711,0.023264835904656778,
MgS,1.0,PBE+MBD(scs),-4.079658361979846,-0.07965836197984633,-0.01991459049496158,
MgS,1.0,"PBE+MBD(vvpol,corr,beta[0.8],17base)",-3.951829300912078,0.04817069908792204,0.01204267477198051,
MgS,1.0,"PBE+MBD(vvpol[nm],beta[0.8],17base)",-3.8603398767066843,0.13966012329331567,0.03491503082332892,
MgS,1.0,"PBE+MBD(vvpol[nm],corr,beta[0.8])",-3.893816789311072,0.10618321068892822,0.026545802672232055,
MgS,1.0,"PBE+MBD(vvpol[nm],corr,beta[0.8],17base)",-3.8817662558607147,0.11823374413928533,0.029558436034821334,
MgS,1.0,"PBE+MBD(vvpol[nm],corr,beta[0.8],17base,vdw[BG])",-3.8865663294034674,0.11343367059653264,0.02835841764913316,
MgS,1.0,"PBE+MBD(vvpol[nm],corr,beta[0.8],vdw17)",-3.9074037157886456,0.09259628421135435,0.023149071052838588,
MgS,1.0,PBE,-3.712749970761631,0.28725002923836884,0.07181250730959221,
Mo,1.0,"PBE+MBD(rpa,scs)",-7.790859607718745,-0.9708596077187446,-0.14235478119043174,
Mo,1.0,"PBE+MBD(rpa,vvpol,corr,beta[0.8],17base)",-7.034310309158425,-0.21431030915842442,-0.03142379899683642,
Mo,1.0,"PBE+MBD(rpa,vvpol[nm],beta[0.8],17base)",-6.4075607955246765,0.4124392044753238,0.060474956667936036,
Mo,1.0,"PBE+MBD(rpa,vvpol[nm],corr,beta[0.8])",-6.61224388178878,0.2077561182112202,0.030462773931263957,
Mo,1.0,"PBE+MBD(rpa,vvpol[nm],corr,beta[0.8],17base)",-6.516239816887833,0.3037601831121677,0.0445396162921067,
Mo,1.0,"PBE+MBD(rpa,vvpol[nm],corr,beta[0.8],17base,vdw[BG])",-6.5163437370217405,0.30365626297825976,0.04452437873581521,
Mo,1.0,"PBE+MBD(rpa,vvpol[nm],corr,beta[0.8],vdw17)",-6.676343377973998,0.14365662202600227,0.02106402082492702,
Mo,1.0,PBE+MBD(scs),,,,
Mo,1.0,"PBE+MBD(vvpol,corr,beta[0.8],17base)",,,,
Mo,1.0,"PBE+MBD(vvpol[nm],beta[0.8],17base)",-6.408212082386521,0.4117879176134789,0.0603794600606274,
Mo,1.0,"PBE+MBD(vvpol[nm],corr,beta[0.8])",-6.610894764676729,0.2091052353232712,0.030660591689629205,
Mo,1.0,"PBE+MBD(vvpol[nm],corr,beta[0.8],17base)",-6.51511544418537,0.30488455581463025,0.04470448032472584,
Mo,1.0,"PBE+MBD(vvpol[nm],corr,beta[0.8],17base,vdw[BG])",-6.515218964822142,0.30478103517785815,0.044689301345726996,
Mo,1.0,"PBE+MBD(vvpol[nm],corr,beta[0.8],vdw17)",-6.674920314772425,0.14507968522757508,0.021272681118412767,
Mo,1.0,PBE,-6.332217759714114,0.48778224028588646,0.071522322622564,
Na,1.0,"PBE+MBD(rpa,scs)",-4.418067613194625,-3.3080676131946243,-2.9802410929681296,
Na,1.0,"PBE+MBD(rpa,vvpol,corr,beta[0.8],17base)",-1.4241660175935957,-0.31416601759359564,-0.28303244828251856,
Na,1.0,"PBE+MBD(rpa,vvpol[nm],beta[0.8],17base)",-1.1013652526016617,0.00863474739833836,0.007779051710214738,
Na,1.0,"PBE+MBD(rpa,vvpol[nm],corr,beta[0.8])",-1.1227630092991505,-0.012763009299150418,-0.011498206575811187,
Na,1.0,"PBE+MBD(rpa,vvpol[nm],corr,beta[0.8],17base)",-1.1064100757156181,0.0035899242843819845,0.0032341660219657514,
Na,1.0,"PBE+MBD(rpa,vvpol[nm],corr,beta[0.8],17base,vdw[BG])",-1.106455351873349,0.0035446481266510066,0.0031933766906765823,
Na,1.0,"PBE+MBD(rpa,vvpol[nm],corr,beta[0.8],vdw17)",-1.1262159552019062,-0.016215955201906107,-0.01460896865036586,
Na,1.0,PBE+MBD(scs),,,,
Na,1.0,"PBE+MBD(vvpol,corr,beta[0.8],17base)",,,,
Na,1.0,"PBE+MBD(vvpol[nm],beta[0.8],17base)",-1.101357532478057,0.008642467521943198,0.007786006776525403,
Na,1.0,"PBE+MBD(vvpol[nm],corr,beta[0.8])",-1.123265699422787,-0.01326569942278688,-0.011951080561069262,
Na,1.0,"PBE+MBD(vvpol[nm],corr,beta[0.8],17base)",-1.1065813859520226,0.0034186140479774973,0.003079832475655403,
Na,1.0,"PBE+MBD(vvpol[nm],corr,beta[0.8],17base,vdw[BG])",-1.1066265808454328,0.0033734191545673475,0.0030391163554660786,
Na,1.0,"PBE+MBD(vvpol[nm],corr,beta[0.8],vdw17)",-1.126788115203253,-0.016788115203252962,-0.015124428111038703,
Na,1.0,PBE,-1.09800101099288,0.011998989007120153,0.010809900006414552,
NaCl,1.0,"PBE+MBD(rpa,scs)",-4.253002656761903,-0.923002656761903,-0.27717797500357444,
NaCl,1.0,"PBE+MBD(rpa,vvpol,corr,beta[0.8],17base)",-3.243744787367017,0.08625521263298319,0.025902466256151106,
NaCl,1.0,"PBE+MBD(rpa,vvpol[nm],beta[0.8],17base)",-3.1952860811589665,0.13471391884103356,0.04045463028259266,
NaCl,1.0,"PBE+MBD(rpa,vvpol[nm],corr,beta[0.8])",-3.274545998904026,0.05545400109597409,0.016652853181974202,
NaCl,1.0,"PBE+MBD(rpa,vvpol[nm],corr,beta[0.8],17base)",-3.216881437524227,0.11311856247577312,0.03396953828101295,
NaCl,1.0,"PBE+MBD(rpa,vvpol[nm],corr,beta[0.8],17base,vdw[BG])",-3.2193121160240215,0.11068788397597862,0.03323960479759117,
NaCl,1.0,"PBE+MBD(rpa,vvpol[nm],corr,beta[0.8],vdw17)",-3.242074167226294,0.08792583277370625,0.02640415398609797,
NaCl,1.0,PBE+MBD(scs),,,,
NaCl,1.0,"PBE+MBD(vvpol,corr,beta[0.8],17base)",-3.2442159336356444,0.08578406636435565,0.02576098089019689,
NaCl,1.0,"PBE+MBD(vvpol[nm],beta[0.8],17base)",-3.1947852187536276,0.13521478124637243,0.04060503941332505,
NaCl,1.0,"PBE+MBD(vvpol[nm],corr,beta[0.8])",-3.275945217147391,0.05405478285260923,0.016232667523306075,
NaCl,1.0,"PBE+MBD(vvpol[nm],corr,beta[0.8],17base)",-3.21731177229818,0.11268822770181997,0.033840308619165156,
NaCl,1.0,"PBE+MBD(vvpol[nm],corr,beta[0.8],17base,vdw[BG])",-3.219582303583612,0.1104176964163881,0.03315846739230874,
NaCl,1.0,"PBE+MBD(vvpol[nm],corr,beta[0.8],vdw17)",-3.2431389013437837,0.08686109865621638,0.02608441401087579,
NaCl,1.0,PBE,-3.1043838754365494,0.2256161245634507,0.0677525899589942,
NaF,1.0,"PBE+MBD(rpa,scs)",,,,
NaF,1.0,"PBE+MBD(rpa,vvpol,corr,beta[0.8],17base)",-3.901199172278912,0.02880082772108805,0.007328454890862099,
NaF,1.0,"PBE+MBD(rpa,vvpol[nm],beta[0.8],17base)",-3.880365250372626,0.04963474962737413,0.012629707284319117,
NaF,1.0,"PBE+MBD(rpa,vvpol[nm],corr,beta[0.8])",-3.944352733819177,-0.014352733819176677,-0.0036520951193833784,
NaF,1.0,"PBE+MBD(rpa,vvpol[nm],corr,beta[0.8],17base)",-3.89171319035949,0.03828680964051001,0.009742190748221377,
NaF,1.0,"PBE+MBD(rpa,vvpol[nm],corr,beta[0.8],17base,vdw[BG])",-3.894038182852785,0.035961817147215136,0.009150589604889348,
NaF,1.0,"PBE+MBD(rpa,vvpol[nm],corr,beta[0.8],vdw17)",-3.92035514108791,0.009644858912090104,0.002454162573050917,
NaF,1.0,PBE+MBD(scs),,,,
NaF,1.0,"PBE+MBD(vvpol,corr,beta[0.8],17base)",-3.901710698049933,0.02828930195006718,0.007198295661594702,
NaF,1.0,"PBE+MBD(vvpol[nm],beta[0.8],17base)",-3.8803588057592284,0.049641194240771735,0.01263134713505642,
NaF,1.0,"PBE+MBD(vvpol[nm],corr,beta[0.8])",-3.94507240957374,-0.015072409573739787,-0.0038352187210533807,
NaF,1.0,"PBE+MBD(vvpol[nm],corr,beta[0.8],17base)",-3.8918652682909354,0.038134731709064784,0.00970349407355338,
NaF,1.0,"PBE+MBD(vvpol[nm],corr,beta[0.8],17base,vdw[BG])",-3.89437170717296,0.03562829282703994,0.009065723365659018,
NaF,1.0,"PBE+MBD(vvpol[nm],corr,beta[0.8],vdw17)",-3.920944605819741,0.009055394180259135,0.002304171547139729,
NaF,1.0,PBE,-3.8235935430645034,0.10640645693549677,0.027075434334732,
Nb,1.0,"PBE+MBD(rpa,scs)",-8.427328052388171,-0.857328052388171,-0.11325337548060382,
Nb,1.0,"PBE+MBD(rpa,vvpol,corr,beta[0.8],17base)",-7.651324373538806,-0.08132437353880562,-0.010742981973422142,
Nb,1.0,"PBE+MBD(rpa,vvpol[nm],beta[0.8],17base)",-7.099276699812731,0.47072330018726927,0.062182734502941775,
Nb,1.0,"PBE+MBD(rpa,vvpol[nm],corr,beta[0.8])",-7.255369063280703,0.314630936719297,0.04156287142923342,
Nb,1.0,"PBE+MBD(rpa,vvpol[nm],corr,beta[0.8],17base)",-7.185347986316689,0.38465201368331137,0.050812683445615764,
Nb,1.0,"PBE+MBD(rpa,vvpol[nm],corr,beta[0.8],17base,vdw[BG])",-7.17283950213057,0.39716049786943053,0.05246505916372926,
Nb,1.0,"PBE+MBD(rpa,vvpol[nm],corr,beta[0.8],vdw17)",-7.334947512196449,0.23505248780355092,0.031050526790429446,
Nb,1.0,PBE+MBD(scs),,,,
Nb,1.0,"PBE+MBD(vvpol,corr,beta[0.8],17base)",,,,
Nb,1.0,"PBE+MBD(vvpol[nm],beta[0.8],17base)",-7.099827187751455,0.47017281224854557,0.062110014828077355,
Nb,1.0,"PBE+MBD(vvpol[nm],corr,beta[0.8])",-7.253874764125655,0.3161252358743454,0.04176026893980784,
Nb,1.0,"PBE+MBD(vvpol[nm],corr,beta[0.8],17base)",-7.184257526595175,0.38574247340482515,0.05095673360697822,
Nb,1.0,"PBE+MBD(vvpol[nm],corr,beta[0.8],17base,vdw[BG])",-7.171800465356044,0.39819953464395663,0.052602316333415666,
Nb,1.0,"PBE+MBD(vvpol[nm],corr,beta[0.8],vdw17)",-7.333009294370567,0.23699070562943358,0.03130656613334658,
Nb,1.0,PBE,-7.034789742198553,0.535210257801447,0.07070148716003263,
NbC,1.0,"PBE+MBD(rpa,scs)",,,,
NbC,1.0,"PBE+MBD(rpa,vvpol,corr,beta[0.8],17base)",-8.384737594528882,-0.12473759452888267,-0.015101403695990638,
NbC,1.0,"PBE+MBD(rpa,vvpol[nm],beta[0.8],17base)",-8.135845581927846,0.12415441807215366,0.015030801219389064,
NbC,1.0,"PBE+MBD(rpa,vvpol[nm],corr,beta[0.8])",-8.310806142766143,-0.05080614276614348,-0.0061508647416638595,
NbC,1.0,"PBE+MBD(rpa,vvpol[nm],corr,beta[0.8],17base)",-8.235600744064115,0.024399255935884767,0.002953905076983628,
NbC,1.0,"PBE+MBD(rpa,vvpol[nm],corr,beta[0.8],17base,vdw[BG])",-8.221086055608719,0.03891394439128071,0.004711131282237374,
NbC,1.0,"PBE+MBD(rpa,vvpol[nm],corr,beta[0.8],vdw17)",-8.35298510160193,-0.09298510160193096,-0.011257276222994064,
NbC,1.0,PBE+MBD(scs),,,,
NbC,1.0,"PBE+MBD(vvpol,corr,beta[0.8],17base)",,,,
NbC,1.0,"PBE+MBD(vvpol[nm],beta[0.8],17base)",-8.136267501271508,0.12373249872849179,0.014979721395701185,
NbC,1.0,"PBE+MBD(vvpol[nm],corr,beta[0.8])",,,,
NbC,1.0,"PBE+MBD(vvpol[nm],corr,beta[0.8],17base)",,,,
NbC,1.0,"PBE+MBD(vvpol[nm],corr,beta[0.8],17base,vdw[BG])",-8.230630504266422,0.029369495733577722,0.0035556290234355597,
NbC,1.0,"PBE+MBD(vvpol[nm],corr,beta[0.8],vdw17)",,,,
NbC,1.0,PBE,-7.988320755665687,0.27167924433431256,0.03289094967727755,
NbN,1.0,"PBE+MBD(rpa,scs)",,,,
NbN,1.0,"PBE+MBD(rpa,vvpol,corr,beta[0.8],17base)",-7.484985235422727,0.015014764577273354,0.002001968610303114,
NbN,1.0,"PBE+MBD(rpa,vvpol[nm],beta[0.8],17base)",-7.26303360916466,0.23696639083533988,0.03159551877804532,
NbN,1.0,"PBE+MBD(rpa,vvpol[nm],corr,beta[0.8])",-7.435820294209907,0.06417970579009324,0.008557294105345765,
NbN,1.0,"PBE+MBD(rpa,vvpol[nm],corr,beta[0.8],17base)",-7.357553877302583,0.1424461226974172,0.018992816359655624,
NbN,1.0,"PBE+MBD(rpa,vvpol[nm],corr,beta[0.8],17base,vdw[BG])",-7.344688849488486,0.15531115051151367,0.020708153401535156,
NbN,1.0,"PBE+MBD(rpa,vvpol[nm],corr,beta[0.8],vdw17)",-7.464785204344131,0.03521479565586905,0.0046953060874492065,
NbN,1.0,PBE+MBD(scs),,,,
NbN,1.0,"PBE+MBD(vvpol,corr,beta[0.8],17base)",,,,
NbN,1.0,"PBE+MBD(vvpol[nm],beta[0.8],17base)",-7.263873221033844,0.23612677896615608,0.03148357052882081,
NbN,1.0,"PBE+MBD(vvpol[nm],corr,beta[0.8])",,,,
NbN,1.0,"PBE+MBD(vvpol[nm],corr,beta[0.8],17base)",-7.384248183535028,0.11575181646497157,0.015433575528662875,
NbN,1.0,"PBE+MBD(vvpol[nm],corr,beta[0.8],17base,vdw[BG])",-7.354267834294464,0.14573216570553615,0.01943095542740482,
NbN,1.0,"PBE+MBD(vvpol[nm],corr,beta[0.8],vdw17)",,,,
NbN,1.0,PBE,-7.102755811090463,0.3972441889095366,0.05296589185460488,
Ni,1.0,"PBE+MBD(rpa,scs)",-6.2364811375539,-1.7964811375538998,-0.4046128688184459,
Ni,1.0,"PBE+MBD(rpa,vvpol,corr,beta[0.8],17base)",-5.804556492695579,-1.3645564926955789,-0.3073325433999051,
Ni,1.0,"PBE+MBD(rpa,vvpol[nm],beta[0.8],17base)",-5.4299112904294615,-0.9899112904294611,-0.2229529933399687,
Ni,1.0,"PBE+MBD(rpa,vvpol[nm],corr,beta[0.8])",-5.574936820590285,-1.1349368205902843,-0.2556164010338478,
Ni,1.0,"PBE+MBD(rpa,vvpol[nm],corr,beta[0.8],17base)",-5.508986800056542,-1.0689868000565417,-0.24076279280552737,
Ni,1.0,"PBE+MBD(rpa,vvpol[nm],corr,beta[0.8],17base,vdw[BG])",-5.5168358324897016,-1.0768358324897012,-0.24253059290308582,
Ni,1.0,"PBE+MBD(rpa,vvpol[nm],corr,beta[0.8],vdw17)",-5.595970608552128,-1.1559706085521277,-0.26035374066489364,
Ni,1.0,PBE+MBD(scs),,,,
Ni,1.0,"PBE+MBD(vvpol,corr,beta[0.8],17base)",,,,
Ni,1.0,"PBE+MBD(vvpol[nm],beta[0.8],17base)",-5.4305237174686996,-0.9905237174686992,-0.2230909273578151,
Ni,1.0,"PBE+MBD(vvpol[nm],corr,beta[0.8])",-5.573877354719226,-1.1338773547192256,-0.2553777825944202,
Ni,1.0,"PBE+MBD(vvpol[nm],corr,beta[0.8],17base)",-5.508195855509495,-1.0681958555094946,-0.24058465214177804,
Ni,1.0,"PBE+MBD(vvpol[nm],corr,beta[0.8],17base,vdw[BG])",-5.516084032064247,-1.0760840320642462,-0.24236126848293832,
Ni,1.0,"PBE+MBD(vvpol[nm],corr,beta[0.8],vdw17)",-5.594820237251962,-1.154820237251962,-0.26009464802972115,
Ni,1.0,PBE,-5.35506017334138,-0.9150601733413799,-0.20609463363544592,
Pb,1.0,"PBE+MBD(rpa,scs)",-3.4253633844867504,-1.3953633844867506,-0.6873711253629314,
Pb,1.0,"PBE+MBD(rpa,vvpol,corr,beta[0.8],17base)",-3.394640471996303,-1.364640471996303,-0.6722366857124646,
Pb,1.0,"PBE+MBD(rpa,vvpol[nm],beta[0.8],17base)",-3.1210554354758577,-1.091055435475858,-0.5374657317615065,
Pb,1.0,"PBE+MBD(rpa,vvpol[nm],corr,beta[0.8])",-3.2246820321359393,-1.1946820321359395,-0.588513316323123,
Pb,1.0,"PBE+MBD(rpa,vvpol[nm],corr,beta[0.8],17base)",-3.18892786545402,-1.1589278654540203,-0.5709004263320298,
Pb,1.0,"PBE+MBD(rpa,vvpol[nm],corr,beta[0.8],17base,vdw[BG])",-3.160779620922205,-1.1307796209222052,-0.5570342960207908,
Pb,1.0,"PBE+MBD(rpa,vvpol[nm],corr,beta[0.8],vdw17)",-3.255892278758606,-1.2258922787586064,-0.6038878220485746,
Pb,1.0,PBE+MBD(scs),-3.4362682651194327,-1.406268265119433,-0.6927429877435631,
Pb,1.0,"PBE+MBD(vvpol,corr,beta[0.8],17base)",,,,
Pb,1.0,"PBE+MBD(vvpol[nm],beta[0.8],17base)",-3.119892482762988,-1.0898924827629881,-0.5368928486517184,
Pb,1.0,"PBE+MBD(vvpol[nm],corr,beta[0.8])",-3.224670318497241,-1.1946703184972414,-0.5885075460577545,
Pb,1.0,"PBE+MBD(vvpol[nm],corr,beta[0.8],17base)",-3.1889183927027913,-1.1589183927027915,-0.5708957599521141,
Pb,1.0,"PBE+MBD(vvpol[nm],corr,beta[0.8],17base,vdw[BG])",-3.159177490672097,-1.129177490672097,-0.5562450692965996,
Pb,1.0,"PBE+MBD(vvpol[nm],corr,beta[0.8],vdw17)",-3.255885197776589,-1.2258851977765892,-0.6038843338800932,
Pb,1.0,PBE,-2.973890809965219,-0.943890809965219,-0.46497084234739855,
Pd,1.0,"PBE+MBD(rpa,scs)",-4.046699505040353,-0.1566995050403528,-0.040282649110630536,
Pd,1.0,"PBE+MBD(rpa,vvpol,corr,beta[0.8],17base)",-3.9371845231455023,-0.047184523145502144,-0.012129697466710063,
Pd,1.0,"PBE+MBD(rpa,vvpol[nm],beta[0.8],17base)",-3.8830094251597367,0.0069905748402634416,0.0017970629409417586,
Pd,1.0,"PBE+MBD(rpa,vvpol[nm],corr,beta[0.8])",-3.880235984280288,0.009764015719712305,0.0025100297479980216,
Pd,1.0,"PBE+MBD(rpa,vvpol[nm],corr,beta[0.8],17base)",-3.8453226168472643,0.04467738315273584,0.011485188471140318,
Pd,1.0,"PBE+MBD(rpa,vvpol[nm],corr,beta[0.8],17base,vdw[BG])",-4.222858324758808,-0.3328583247588077,-0.0855676927400534,
Pd,1.0,"PBE+MBD(rpa,vvpol[nm],corr,beta[0.8],vdw17)",-3.89574424717621,-0.005744247176209694,-0.0014766702252467078,
Pd,1.0,PBE+MBD(scs),-4.045135454455544,-0.15513545445554344,-0.03988057955155358,
Pd,1.0,"PBE+MBD(vvpol,corr,beta[0.8],17base)",-3.9361623482219907,-0.04616234822199061,-0.01186692756349373,
Pd,1.0,"PBE+MBD(vvpol[nm],beta[0.8],17base)",-3.884330619852506,0.005669380147494074,0.001457424202440636,
Pd,1.0,"PBE+MBD(vvpol[nm],corr,beta[0.8])",-3.8807783885864726,0.009221611413527508,0.002370594193708871,
Pd,1.0,"PBE+MBD(vvpol[nm],corr,beta[0.8],17base)",-3.845756126053121,0.04424387394687912,0.011373746515907229,
Pd,1.0,"PBE+MBD(vvpol[nm],corr,beta[0.8],17base,vdw[BG])",,,,
Pd,1.0,"PBE+MBD(vvpol[nm],corr,beta[0.8],vdw17)",-3.8963351745148174,-0.006335174514817243,-0.001628579566791065,
Pd,1.0,PBE,-3.7038219364525067,0.18617806354749344,0.04786068471657929,
Pt,1.0,"PBE+MBD(rpa,scs)",-6.34468370876068,-0.5046837087606804,-0.08641844328093842,
Pt,1.0,"PBE+MBD(rpa,vvpol,corr,beta[0.8],17base)",-6.367166417880023,-0.5271664178800233,-0.09026822223973001,
Pt,1.0,"PBE+MBD(rpa,vvpol[nm],beta[0.8],17base)",-5.922765310652977,-0.08276531065297732,-0.014172142235098856,
Pt,1.0,"PBE+MBD(rpa,vvpol[nm],corr,beta[0.8])",-6.141750002211776,-0.30175000221177584,-0.05166952092667394,
Pt,1.0,"PBE+MBD(rpa,vvpol[nm],corr,beta[0.8],17base)",-6.062025999269685,-0.22202599926968514,-0.038018150559877596,
Pt,1.0,"PBE+MBD(rpa,vvpol[nm],corr,beta[0.8],17base,vdw[BG])",-6.198382596007382,-0.35838259600738187,-0.06136688287797635,
Pt,1.0,"PBE+MBD(rpa,vvpol[nm],corr,beta[0.8],vdw17)",-6.134300779975023,-0.294300779975023,-0.050393969173805314,
Pt,1.0,PBE+MBD(scs),-6.356863342248956,-0.5168633422489561,-0.0885039969604377,
Pt,1.0,"PBE+MBD(vvpol,corr,beta[0.8],17base)",,,,
Pt,1.0,"PBE+MBD(vvpol[nm],beta[0.8],17base)",-5.924195007776145,-0.0841950077761453,-0.01441695338632625,
Pt,1.0,"PBE+MBD(vvpol[nm],corr,beta[0.8])",-6.159249021290811,-0.319249021290811,-0.05466592830322106,
Pt,1.0,"PBE+MBD(vvpol[nm],corr,beta[0.8],17base)",-6.073208375892236,-0.23320837589223586,-0.039932941077437646,
Pt,1.0,"PBE+MBD(vvpol[nm],corr,beta[0.8],17base,vdw[BG])",,,,
Pt,1.0,"PBE+MBD(vvpol[nm],corr,beta[0.8],vdw17)",-6.151146144853613,-0.31114614485361347,-0.05327844946123519,
Pt,1.0,PBE,-5.738238190205496,0.10176180979450411,0.017424967430565774,
Rb,1.0,"PBE+MBD(rpa,scs)",-4.979495454825809,-4.129495454825809,-4.858229946853894,
Rb,1.0,"PBE+MBD(rpa,vvpol,corr,beta[0.8],17base)",-1.283224208501295,-0.43322420850129506,-0.5096755394132884,
Rb,1.0,"PBE+MBD(rpa,vvpol[nm],beta[0.8],17base)",-0.8047869824205987,0.04521301757940133,0.05319178538753097,
Rb,1.0,"PBE+MBD(rpa,vvpol[nm],corr,beta[0.8])",-0.900018751704514,-0.050018751704513975,-0.05884559024060468,
Rb,1.0,"PBE+MBD(rpa,vvpol[nm],corr,beta[0.8],17base)",-0.8352319156215042,0.01476808437849575,0.01737421691587735,
Rb,1.0,"PBE+MBD(rpa,vvpol[nm],corr,beta[0.8],17base,vdw[BG])",-0.8350527863724289,0.014947213627571121,0.017584957208907202,
Rb,1.0,"PBE+MBD(rpa,vvpol[nm],corr,beta[0.8],vdw17)",-0.8837305795813462,-0.033730579581346176,-0.039683034801583736,
Rb,1.0,PBE+MBD(scs),,,,
Rb,1.0,"PBE+MBD(vvpol,corr,beta[0.8],17base)",,,,
Rb,1.0,"PBE+MBD(vvpol[nm],beta[0.8],17base)",-0.8048337245099821,0.04516627549001784,0.05313679469413864,
Rb,1.0,"PBE+MBD(vvpol[nm],corr,beta[0.8])",-0.9028122154223333,-0.052812215422333275,-0.062132018143921504,
Rb,1.0,"PBE+MBD(vvpol[nm],corr,beta[0.8],17base)",-0.8364392293231253,0.013560770676874667,0.01595384785514667,
Rb,1.0,"PBE+MBD(vvpol[nm],corr,beta[0.8],17base,vdw[BG])",-0.8362561602977571,0.01374383970224291,0.016169223179109307,
Rb,1.0,"PBE+MBD(vvpol[nm],corr,beta[0.8],vdw17)",-0.8861358859211513,-0.036135885921151356,-0.04251280696606042,
Rb,1.0,PBE,-0.7876080655198191,0.06239193448018088,0.07340227585903633,
Rh,1.0,"PBE+MBD(rpa,scs)",-6.671304743992392,-0.9213047439923923,-0.16022691199867692,
Rh,1.0,"PBE+MBD(rpa,vvpol,corr,beta[0.8],17base)",-6.642760502802717,-0.8927605028027168,-0.15526269613960292,
Rh,1.0,"PBE+MBD(rpa,vvpol[nm],beta[0.8],17base)",-5.9528779043657,-0.20287790436569964,-0.03528311380273037,
Rh,1.0,"PBE+MBD(rpa,vvpol[nm],corr,beta[0.8])",-6.216910651726097,-0.4669106517260966,-0.08120185247410375,
Rh,1.0,"PBE+MBD(rpa,vvpol[nm],corr,beta[0.8],17base)",-6.107255379105679,-0.3572553791056787,-0.06213137027924848,
Rh,1.0,"PBE+MBD(rpa,vvpol[nm],corr,beta[0.8],17base,vdw[BG])",-6.280070825114752,-0.5300708251147519,-0.09218623045473946,
Rh,1.0,"PBE+MBD(rpa,vvpol[nm],corr,beta[0.8],vdw17)",-6.2272357815501405,-0.47723578155014046,-0.08299752722611138,
Rh,1.0,PBE+MBD(scs),,,,
Rh,1.0,"PBE+MBD(vvpol,corr,beta[0.8],17base)",,,,
Rh,1.0,"PBE+MBD(vvpol[nm],beta[0.8],17base)",-5.953906097960144,-0.20390609796014392,-0.03546193008002503,
Rh,1.0,"PBE+MBD(vvpol[nm],corr,beta[0.8])",,,,
Rh,1.0,"PBE+MBD(vvpol[nm],corr,beta[0.8],17base)",-6.127862278515967,-0.3778622785159671,-0.0657151788723421,
Rh,1.0,"PBE+MBD(vvpol[nm],corr,beta[0.8],17base,vdw[BG])",,,,
Rh,1.0,"PBE+MBD(vvpol[nm],corr,beta[0.8],vdw17)",,,,
Rh,1.0,PBE,-5.826760495832427,-0.07676049583242683,-0.01334965144911771,
Si,1.0,"PBE+MBD(rpa,scs)",-4.8385324576528745,-0.20853245765287465,-0.04503940770040489,
Si,1.0,"PBE+MBD(rpa,vvpol,corr,beta[0.8],17base)",-4.817310872191805,-0.1873108721918051,-0.04045591192047626,
Si,1.0,"PBE+MBD(rpa,vvpol[nm],beta[0.8],17base)",-4.761206568368635,-0.13120656836863542,-0.028338351699489294,
Si,1.0,"PBE+MBD(rpa,vvpol[nm],corr,beta[0.8])",-4.770330020287594,-0.14033002028759434,-0.03030885967334651,
Si,1.0,"PBE+MBD(rpa,vvpol[nm],corr,beta[0.8],17base)",-4.772074723853406,-0.1420747238534057,-0.03068568549749583,
Si,1.0,"PBE+MBD(rpa,vvpol[nm],corr,beta[0.8],17base,vdw[BG])",-4.7741975046697025,-0.1441975046697026,-0.031144169475097756,
Si,1.0,"PBE+MBD(rpa,vvpol[nm],corr,beta[0.8],vdw17)",-4.78952932910849,-0.15952932910848983,-0.034455578641142515,
Si,1.0,PBE+MBD(scs),-4.837304594610496,-0.20730459461049566,-0.04477421049902714,
Si,1.0,"PBE+MBD(vvpol,corr,beta[0.8],17base)",-4.819366405248253,-0.18936640524825332,-0.04089987154389921,
Si,1.0,"PBE+MBD(vvpol[nm],beta[0.8],17base)",-4.761203499396003,-0.13120349939600295,-0.028337688854428285,
Si,1.0,"PBE+MBD(vvpol[nm],corr,beta[0.8])",-4.771351240926886,-0.14135124092688578,-0.030529425686152436,
Si,1.0,"PBE+MBD(vvpol[nm],corr,beta[0.8],17base)",-4.7731066592612,-0.1431066592611998,-0.030908565715161946,
Si,1.0,"PBE+MBD(vvpol[nm],corr,beta[0.8],17base,vdw[BG])",-4.775119140848024,-0.14511914084802413,-0.03134322696501601,
Si,1.0,"PBE+MBD(vvpol[nm],corr,beta[0.8],vdw17)",-4.790672301764435,-0.1606723017644347,-0.03470244098583903,
Si,1.0,PBE,-4.566575447325833,0.06342455267416724,0.013698607489021004,
SiC,1.0,"PBE+MBD(rpa,scs)",-6.673884189343767,-0.3138841893437663,-0.04935285995971168,
SiC,1.0,"PBE+MBD(rpa,vvpol,corr,beta[0.8],17base)",-6.617735007347178,-0.25773500734717736,-0.040524372224398954,
SiC,1.0,"PBE+MBD(rpa,vvpol[nm],beta[0.8],17base)",-6.609516811640349,-0.24951681164034856,-0.039232203088105114,
SiC,1.0,"PBE+MBD(rpa,vvpol[nm],corr,beta[0.8])",-6.598848457251131,-0.23884845725113024,-0.03755478887596387,
SiC,1.0,"PBE+MBD(rpa,vvpol[nm],corr,beta[0.8],17base)",-6.601640695818777,-0.24164069581877712,-0.037993820097292,
SiC,1.0,"PBE+MBD(rpa,vvpol[nm],corr,beta[0.8],17base,vdw[BG])",-6.6055760352722075,-0.24557603527220717,-0.03861258416229672,
SiC,1.0,"PBE+MBD(rpa,vvpol[nm],corr,beta[0.8],vdw17)",-6.627764874892294,-0.2677648748922934,-0.04210139542331657,
SiC,1.0,PBE+MBD(scs),-6.673775302593859,-0.313775302593859,-0.04933573940155015,
SiC,1.0,"PBE+MBD(vvpol,corr,beta[0.8],17base)",-6.617129710745428,-0.2571297107454278,-0.040429199802740214,
SiC,1.0,"PBE+MBD(vvpol[nm],beta[0.8],17base)",-6.608629109122797,-0.24862910912279634,-0.03909262722056546,
SiC,1.0,"PBE+MBD(vvpol[nm],corr,beta[0.8])",-6.597908274309247,-0.23790827430924644,-0.03740696136937837,
SiC,1.0,"PBE+MBD(vvpol[nm],corr,beta[0.8],17base)",-6.6006870412648,-0.2406870412647999,-0.037843874412704384,
SiC,1.0,"PBE+MBD(vvpol[nm],corr,beta[0.8],17base,vdw[BG])",-6.604620271940022,-0.2446202719400219,-0.038462306908808475,
SiC,1.0,"PBE+MBD(vvpol[nm],corr,beta[0.8],vdw17)",-6.626708634527972,-0.2667086345279719,-0.0419353198943352,
SiC,1.0,PBE,-6.408285904805529,-0.04828590480552908,-0.007592123397095767,
Sn,1.0,"PBE+MBD(rpa,scs)",-3.44999209057339,-0.30999209057338994,-0.09872359572400953,
Sn,1.0,"PBE+MBD(rpa,vvpol,corr,beta[0.8],17base)",-3.4805595508848444,-0.34055955088484424,-0.10845845569581027,
Sn,1.0,"PBE+MBD(rpa,vvpol[nm],beta[0.8],17base)",-3.382723735259414,-0.24272373525941404,-0.07730055263038664,
Sn,1.0,"PBE+MBD(rpa,vvpol[nm],corr,beta[0.8])",-3.4725787204480265,-0.3325787204480264,-0.10591678995160075,
Sn,1.0,"PBE+MBD(rpa,vvpol[nm],corr,beta[0.8],17base)",-3.448771671395132,-0.30877167139513206,-0.09833492719590192,
Sn,1.0,"PBE+MBD(rpa,vvpol[nm],corr,beta[0.8],17base,vdw[BG])",-3.5052122329173163,-0.3652122329173162,-0.11630962831761661,
Sn,1.0,"PBE+MBD(rpa,vvpol[nm],corr,beta[0.8],vdw17)",-3.4523354341038925,-0.3123354341038924,-0.0994698834725772,
Sn,1.0,PBE+MBD(scs),-3.4525279415347816,-0.3125279415347815,-0.09953119157158645,
Sn,1.0,"PBE+MBD(vvpol,corr,beta[0.8],17base)",-3.4881414015229284,-0.3481414015229283,-0.11087305780984977,
Sn,1.0,"PBE+MBD(vvpol[nm],beta[0.8],17base)",-3.3833855779928745,-0.2433855779928744,-0.07751133057097911,
Sn,1.0,"PBE+MBD(vvpol[nm],corr,beta[0.8])",-3.4787433783886086,-0.33874337838860846,-0.10788005681165874,
Sn,1.0,"PBE+MBD(vvpol[nm],corr,beta[0.8],17base)",-3.4544096498771824,-0.31440964987718223,-0.10013046174432555,
Sn,1.0,"PBE+MBD(vvpol[nm],corr,beta[0.8],17base,vdw[BG])",-3.512650294735267,-0.372650294735267,-0.11867843781377929,
Sn,1.0,"PBE+MBD(vvpol[nm],corr,beta[0.8],vdw17)",-3.458051646040232,-0.31805164604023206,-0.10129033313383186,
Sn,1.0,PBE,-3.1762776795986003,-0.03627767959860018,-0.011553401146051011,
Sr,1.0,"PBE+MBD(rpa,scs)",-3.214076172600507,-1.4940761726005072,-0.8686489375584344,
Sr,1.0,"PBE+MBD(rpa,vvpol,corr,beta[0.8],17base)",-2.1165220680249974,-0.39652206802499745,-0.23053608606104503,
Sr,1.0,"PBE+MBD(rpa,vvpol[nm],beta[0.8],17base)",-1.664637917045377,0.05536208295462308,0.03218725753175761,
Sr,1.0,"PBE+MBD(rpa,vvpol[nm],corr,beta[0.8])",-1.7229570627152093,-0.0029570627152093465,-0.0017192225088426434,
Sr,1.0,"PBE+MBD(rpa,vvpol[nm],corr,beta[0.8],17base)",-1.6880977381662312,0.031902261833768764,0.01854782664753998,
Sr,1.0,"PBE+MBD(rpa,vvpol[nm],corr,beta[0.8],17base,vdw[BG])",-1.6892250402695088,0.030774959730491158,0.017892418447959975,
Sr,1.0,"PBE+MBD(rpa,vvpol[nm],corr,beta[0.8],vdw17)",-1.7507174320048526,-0.030717432004852663,-0.017858972095844573,
Sr,1.0,PBE+MBD(scs),,,,
Sr,1.0,"PBE+MBD(vvpol,corr,beta[0.8],17base)",,,,
Sr,1.0,"PBE+MBD(vvpol[nm],beta[0.8],17base)",-1.664402645637025,0.05559735436297508,0.032324043234287836,
Sr,1.0,"PBE+MBD(vvpol[nm],corr,beta[0.8])",-1.723351865160105,-0.0033518651601049942,-0.0019487588140145316,
Sr,1.0,"PBE+MBD(vvpol[nm],corr,beta[0.8],17base)",-1.6883239303107034,0.03167606968929659,0.018416319586800345,
Sr,1.0,"PBE+MBD(vvpol[nm],corr,beta[0.8],17base,vdw[BG])",-1.689347705219498,0.03065229478050191,0.017821101616570877,
Sr,1.0,"PBE+MBD(vvpol[nm],corr,beta[0.8],vdw17)",-1.7512528403391348,-0.03125284033913478,-0.01817025601112487,
Sr,1.0,PBE,-1.6411422994001914,0.07885770059980857,0.04584750034872591,
Ta,1.0,"PBE+MBD(rpa,scs)",-9.412083620418553,-1.322083620418553,-0.16342195555235514,
Ta,1.0,"PBE+MBD(rpa,vvpol,corr,beta[0.8],17base)",-8.633000556206719,-0.543000556206719,-0.0671199698648602,
Ta,1.0,"PBE+MBD(rpa,vvpol[nm],beta[0.8],17base)",-8.247995750535566,-0.1579957505355658,-0.01952975902788205,
Ta,1.0,"PBE+MBD(rpa,vvpol[nm],corr,beta[0.8])",-8.35236258240384,-0.26236258240384025,-0.03243047990158718,
Ta,1.0,"PBE+MBD(rpa,vvpol[nm],corr,beta[0.8],17base)",-8.299866812660955,-0.2098668126609553,-0.025941509599623647,
Ta,1.0,"PBE+MBD(rpa,vvpol[nm],corr,beta[0.8],17base,vdw[BG])",-8.288634373204182,-0.19863437320418242,-0.024553074561703636,
Ta,1.0,"PBE+MBD(rpa,vvpol[nm],corr,beta[0.8],vdw17)",-8.418069167318329,-0.32806916731832914,-0.04055243106530645,
Ta,1.0,PBE+MBD(scs),,,,
Ta,1.0,"PBE+MBD(vvpol,corr,beta[0.8],17base)",-8.672885262444824,-0.5828852624448242,-0.07205009424534292,
Ta,1.0,"PBE+MBD(vvpol[nm],beta[0.8],17base)",-8.248589902053627,-0.15858990205362744,-0.019603201737160375,
Ta,1.0,"PBE+MBD(vvpol[nm],corr,beta[0.8])",-8.351622914436708,-0.2616229144367086,-0.032339049992176586,
Ta,1.0,"PBE+MBD(vvpol[nm],corr,beta[0.8],17base)",-8.299351356780056,-0.209351356780056,-0.025877794410390113,
Ta,1.0,"PBE+MBD(vvpol[nm],corr,beta[0.8],17base,vdw[BG])",-8.288560441441067,-0.19856044144106733,-0.024543935901244415,
Ta,1.0,"PBE+MBD(vvpol[nm],corr,beta[0.8],vdw17)",-8.417054504464016,-0.32705450446401585,-0.0404270092044519,
Ta,1.0,PBE,-8.179819655692457,-0.08981965569245709,-0.011102553237633758,
TiC,1.0,"PBE+MBD(rpa,scs)",,,,
TiC,1.0,"PBE+MBD(rpa,vvpol,corr,beta[0.8],17base)",-7.715228654568601,-0.5552286545686007,-0.07754590147606155,
TiC,1.0,"PBE+MBD(rpa,vvpol[nm],beta[0.8],17base)",-7.6064424013067065,-0.4464424013067063,-0.06235229068529418,
TiC,1.0,"PBE+MBD(rpa,vvpol[nm],corr,beta[0.8])",-7.664807774871021,-0.5048077748710211,-0.07050387917193032,
TiC,1.0,"PBE+MBD(rpa,vvpol[nm],corr,beta[0.8],17base)",-7.645878331400119,-0.4858783314001185,-0.06786010215085454,
TiC,1.0,"PBE+MBD(rpa,vvpol[nm],corr,beta[0.8],17base,vdw[BG])",-7.6627666615746515,-0.5027666615746513,-0.0702188074824932,
TiC,1.0,"PBE+MBD(rpa,vvpol[nm],corr,beta[0.8],vdw17)",-7.734054184042792,-0.574054184042792,-0.08017516536910502,
TiC,1.0,PBE+MBD(scs),,,,
TiC,1.0,"PBE+MBD(vvpol,corr,beta[0.8],17base)",,,,
TiC,1.0,"PBE+MBD(vvpol[nm],beta[0.8],17base)",-7.606499158883828,-0.4464991588838281,-0.062360217721205036,
TiC,1.0,"PBE+MBD(vvpol[nm],corr,beta[0.8])",-7.66546980720221,-0.5054698072022097,-0.07059634178801812,
TiC,1.0,"PBE+MBD(vvpol[nm],corr,beta[0.8],17base)",-7.646352580785922,-0.4863525807859217,-0.06792633809859241,
TiC,1.0,"PBE+MBD(vvpol[nm],corr,beta[0.8],17base,vdw[BG])",-7.663664581131147,-0.5036645811311464,-0.07034421524178022,
TiC,1.0,"PBE+MBD(vvpol[nm],corr,beta[0.8],vdw17)",-7.735250945179902,-0.5752509451799019,-0.08034231077931592,
TiC,1.0,PBE,-7.4698544222113545,-0.3098544222113544,-0.0432757572920886,
TiN,1.0,"PBE+MBD(rpa,scs)",-7.441353945506463,-0.7513539455064624,-0.11231000680216179,
TiN,1.0,"PBE+MBD(rpa,vvpol,corr,beta[0.8],17base)",-7.299371095263625,-0.6093710952636249,-0.09108686027856873,
TiN,1.0,"PBE+MBD(rpa,vvpol[nm],beta[0.8],17base)",-7.214126047149492,-0.5241260471494913,-0.07834470062025281,
TiN,1.0,"PBE+MBD(rpa,vvpol[nm],corr,beta[0.8])",-7.267330150942098,-0.5773301509420978,-0.0862974814562179,
TiN,1.0,"PBE+MBD(rpa,vvpol[nm],corr,beta[0.8],17base)",-7.246806281040595,-0.5568062810405943,-0.08322963842161349,
TiN,1.0,"PBE+MBD(rpa,vvpol[nm],corr,beta[0.8],17base,vdw[BG])",-7.266604691076888,-0.5766046910768878,-0.08618904201448248,
TiN,1.0,"PBE+MBD(rpa,vvpol[nm],corr,beta[0.8],vdw17)",-7.324940519929193,-0.6349405199291924,-0.09490889685040245,
TiN,1.0,PBE+MBD(scs),,,,
TiN,1.0,"PBE+MBD(vvpol,corr,beta[0.8],17base)",-7.321479412401642,-0.6314794124016414,-0.09439154146511829,
TiN,1.0,"PBE+MBD(vvpol[nm],beta[0.8],17base)",-7.214587495804545,-0.5245874958045444,-0.07841367650292144,
TiN,1.0,"PBE+MBD(vvpol[nm],corr,beta[0.8])",-7.268109345617723,-0.5781093456177224,-0.08641395300713339,
TiN,1.0,"PBE+MBD(vvpol[nm],corr,beta[0.8],17base)",-7.247394337022308,-0.5573943370223073,-0.08331753916626417,
TiN,1.0,"PBE+MBD(vvpol[nm],corr,beta[0.8],17base,vdw[BG])",-7.267849123621267,-0.5778491236212666,-0.08637505584772295,
TiN,1.0,"PBE+MBD(vvpol[nm],corr,beta[0.8],vdw17)",-7.32619831051645,-0.6361983105164493,-0.09509690740156192,
TiN,1.0,PBE,-7.064692660323172,-0.3746926603231717,-0.05600787149823194,
V,1.0,"PBE+MBD(rpa,scs)",-7.000982785542068,-1.6909827855420687,-0.3184525019853237,
V,1.0,"PBE+MBD(rpa,vvpol,corr,beta[0.8],17base)",-6.407090482926647,-1.0970904829266477,-0.20660837719899205,
V,1.0,"PBE+MBD(rpa,vvpol[nm],beta[0.8],17base)",-6.135147346381172,-0.825147346381172,-0.15539498048609643,
V,1.0,"PBE+MBD(rpa,vvpol[nm],corr,beta[0.8])",-6.180462364930865,-0.8704623649308658,-0.16392888228453217,
V,1.0,"PBE+MBD(rpa,vvpol[nm],corr,beta[0.8],17base)",-6.167464758028617,-0.857464758028617,-0.16148112203928758,
V,1.0,"PBE+MBD(rpa,vvpol[nm],corr,beta[0.8],17base,vdw[BG])",-6.176901020984664,-0.8669010209846642,-0.16325819604230965,
V,1.0,"PBE+MBD(rpa,vvpol[nm],corr,beta[0.8],vdw17)",-6.2596988685917205,-0.9496988685917209,-0.1788510110342224,
V,1.0,PBE+MBD(scs),-7.049421565001206,-1.7394215650012068,-0.3275746826744269,
V,1.0,"PBE+MBD(vvpol,corr,beta[0.8],17base)",-6.418770157607472,-1.1087701576074727,-0.2088079392857764,
V,1.0,"PBE+MBD(vvpol[nm],beta[0.8],17base)",-6.135526531338113,-0.825526531338113,-0.15546639008250718,
V,1.0,"PBE+MBD(vvpol[nm],corr,beta[0.8])",-6.179907679798398,-0.8699076797983984,-0.163824421807608,
V,1.0,"PBE+MBD(vvpol[nm],corr,beta[0.8],17base)",-6.166992038730477,-0.8569920387304775,-0.16139209768935547,
V,1.0,"PBE+MBD(vvpol[nm],corr,beta[0.8],17base,vdw[BG])",-6.176559533446686,-0.8665595334466865,-0.16319388577150407,
V,1.0,"PBE+MBD(vvpol[nm],corr,beta[0.8],vdw17)",-6.2586430573328125,-0.9486430573328128,-0.17865217652218698,
V,1.0,PBE,-6.093356634163979,-0.7833566341639795,-0.14752478986138975,
VC,1.0,"PBE+MBD(rpa,scs)",-7.752341416323688,-0.8123414163236875,-0.11705207728007024,
VC,1.0,"PBE+MBD(rpa,vvpol,corr,beta[0.8],17base)",-7.6665446803634385,-0.7265446803634381,-0.10468943521087004,
VC,1.0,"PBE+MBD(rpa,vvpol[nm],beta[0.8],17base)",-7.550886074017618,-0.6108860740176176,-0.08802392997372012,
VC,1.0,"PBE+MBD(rpa,vvpol[nm],corr,beta[0.8])",-7.6129245364556715,-0.6729245364556711,-0.09696318969101889,
VC,1.0,"PBE+MBD(rpa,vvpol[nm],corr,beta[0.8],17base)",-7.595003980960043,-0.6550039809600428,-0.09438097708357965,
VC,1.0,"PBE+MBD(rpa,vvpol[nm],corr,beta[0.8],17base,vdw[BG])",-7.612443166618167,-0.6724431666181667,-0.0968938280429635,
VC,1.0,"PBE+MBD(rpa,vvpol[nm],corr,beta[0.8],vdw17)",-7.687338794602515,-0.7473387946025145,-0.10768570527413752,
VC,1.0,PBE+MBD(scs),,,,
VC,1.0,"PBE+MBD(vvpol,corr,beta[0.8],17base)",,,,
VC,1.0,"PBE+MBD(vvpol[nm],beta[0.8],17base)",-7.551314724362461,-0.6113147243624608,-0.08808569515309234,
VC,1.0,"PBE+MBD(vvpol[nm],corr,beta[0.8])",-7.614271862536895,-0.6742718625368944,-0.09715732889580611,
VC,1.0,"PBE+MBD(vvpol[nm],corr,beta[0.8],17base)",-7.596060249528603,-0.6560602495286023,-0.09453317716550465,
VC,1.0,"PBE+MBD(vvpol[nm],corr,beta[0.8],17base,vdw[BG])",-7.6142454541869755,-0.6742454541869751,-0.09715352365806558,
VC,1.0,"PBE+MBD(vvpol[nm],corr,beta[0.8],vdw17)",-7.689715288420874,-0.749715288420874,-0.10802813954191268,
VC,1.0,PBE,-7.41211633001773,-0.47211633001772935,-0.06802828962791489,
VN,1.0,"PBE+MBD(rpa,scs)",-7.028830868685548,-0.7788308686855476,-0.12461293898968762,
VN,1.0,"PBE+MBD(rpa,vvpol,corr,beta[0.8],17base)",-6.901000752361323,-0.6510007523613233,-0.10416012037781172,
VN,1.0,"PBE+MBD(rpa,vvpol[nm],beta[0.8],17base)",-6.81234349220238,-0.5623434922023796,-0.08997495875238073,
VN,1.0,"PBE+MBD(rpa,vvpol[nm],corr,beta[0.8])",-6.869698664625728,-0.6196986646257283,-0.09915178634011652,
VN,1.0,"PBE+MBD(rpa,vvpol[nm],corr,beta[0.8],17base)",-6.849877976609343,-0.5998779766093429,-0.09598047625749487,
VN,1.0,"PBE+MBD(rpa,vvpol[nm],corr,beta[0.8],17base,vdw[BG])",-6.870825352254934,-0.6208253522549336,-0.09933205636078939,
VN,1.0,"PBE+MBD(rpa,vvpol[nm],corr,beta[0.8],vdw17)",-6.927211693288657,-0.6772116932886574,-0.10835387092618518,
VN,1.0,PBE+MBD(scs),,,,
VN,1.0,"PBE+MBD(vvpol,corr,beta[0.8],17base)",,,,
VN,1.0,"PBE+MBD(vvpol[nm],beta[0.8],17base)",-6.813012351351366,-0.5630123513513663,-0.0900819762162186,
VN,1.0,"PBE+MBD(vvpol[nm],corr,beta[0.8])",-6.871451074572649,-0.6214510745726489,-0.09943217193162383,
VN,1.0,"PBE+MBD(vvpol[nm],corr,beta[0.8],17base)",-6.851280423415721,-0.6012804234157212,-0.09620486774651539,
VN,1.0,"PBE+MBD(vvpol[nm],corr,beta[0.8],17base,vdw[BG])",-6.873268021423487,-0.6232680214234874,-0.09972288342775798,
VN,1.0,"PBE+MBD(vvpol[nm],corr,beta[0.8],vdw17)",-6.9299215791667095,-0.6799215791667095,-0.10878745266667351,
VN,1.0,PBE,-6.6557552232683355,-0.40575522326833546,-0.06492083572293367,
W,1.0,"PBE+MBD(rpa,scs)",-10.145142685183046,-1.2451426851830458,-0.13990367249247707,
W,1.0,"PBE+MBD(rpa,vvpol,corr,beta[0.8],17base)",-9.408282489202696,-0.5082824892026956,-0.05711039204524669,
W,1.0,"PBE+MBD(rpa,vvpol[nm],beta[0.8],17base)",-9.002552500112339,-0.10255250011233841,-0.011522752821611056,
W,1.0,"PBE+MBD(rpa,vvpol[nm],corr,beta[0.8])",-9.124168250287125,-0.22416825028712495,-0.025187443852485947,
W,1.0,"PBE+MBD(rpa,vvpol[nm],corr,beta[0.8],17base)",-9.064700624073108,-0.1647006240731077,-0.018505688098101988,
W,1.0,"PBE+MBD(rpa,vvpol[nm],corr,beta[0.8],17base,vdw[BG])",-9.052746745120382,-0.1527467451203819,-0.01716255563150358,
W,1.0,"PBE+MBD(rpa,vvpol[nm],corr,beta[0.8],vdw17)",-9.187893635699853,-0.28789363569985227,-0.032347599516837335,
W,1.0,PBE+MBD(scs),-10.265559109573692,-1.3655591095736916,-0.15343360781726872,
W,1.0,"PBE+MBD(vvpol,corr,beta[0.8],17base)",-9.450798963415828,-0.5507989634158275,-0.061887523979306455,
W,1.0,"PBE+MBD(vvpol[nm],beta[0.8],17base)",-9.003163615240716,-0.1031636152407156,-0.011591417442777033,
W,1.0,"PBE+MBD(vvpol[nm],corr,beta[0.8])",-9.123647078255688,-0.22364707825568786,-0.0251288851972683,
W,1.0,"PBE+MBD(vvpol[nm],corr,beta[0.8],17base)",-9.064328611670547,-0.16432861167054647,-0.018463888951746794,
W,1.0,"PBE+MBD(vvpol[nm],corr,beta[0.8],17base,vdw[BG])",-9.052631060765814,-0.15263106076581323,-0.017149557389417217,
W,1.0,"PBE+MBD(vvpol[nm],corr,beta[0.8],vdw17)",-9.187223903035465,-0.2872239030354642,-0.032272348655670136,
W,1.0,PBE,-8.919871752015085,-0.019871752015085065,-0.0022327811252904565,
ZnS,1.0,"PBE+MBD(rpa,scs)",-3.120335460923308,0.049664539076692105,0.015667047027347666,
ZnS,1.0,"PBE+MBD(rpa,vvpol,corr,beta[0.8],17base)",-3.184763871881961,-0.014763871881961155,-0.004657372833426232,
ZnS,1.0,"PBE+MBD(rpa,vvpol[nm],beta[0.8],17base)",-3.0942376767888455,0.07576232321115439,0.02389978650194145,
ZnS,1.0,"PBE+MBD(rpa,vvpol[nm],corr,beta[0.8])",-3.1833552913139846,-0.013355291313984718,-0.00421302565109928,
ZnS,1.0,"PBE+MBD(rpa,vvpol[nm],corr,beta[0.8],17base)",-3.164934857641592,0.005065142358407826,0.0015978367061223425,
ZnS,1.0,"PBE+MBD(rpa,vvpol[nm],corr,beta[0.8],17base,vdw[BG])",-3.168660335854912,0.0013396641450880153,0.0004226069858321815,
ZnS,1.0,"PBE+MBD(rpa,vvpol[nm],corr,beta[0.8],vdw17)",-3.153158989237445,0.01684101076255473,0.005312621691657644,
ZnS,1.0,PBE+MBD(scs),-3.122786177099356,0.0472138229006438,0.01489395044184347,
ZnS,1.0,"PBE+MBD(vvpol,corr,beta[0.8],17base)",-3.1901678032688348,-0.020167803268834827,-0.006362083050105624,
ZnS,1.0,"PBE+MBD(vvpol[nm],beta[0.8],17base)",-3.092917575290046,0.07708242470995375,0.0243162223059791,
ZnS,1.0,"PBE+MBD(vvpol[nm],corr,beta[0.8])",-3.187472445655152,-0.017472445655152047,-0.005511812509511687,
ZnS,1.0,"PBE+MBD(vvpol[nm],corr,beta[0.8],17base)",-3.168559428170925,0.001440571829074866,0.0004544390627996423,
ZnS,1.0,"PBE+MBD(vvpol[nm],corr,beta[0.8],17base,vdw[BG])",-3.1715727674431395,-0.001572767443139611,-0.0004961411492553978,
ZnS,1.0,"PBE+MBD(vvpol[nm],corr,beta[0.8],vdw17)",-3.1566998376343403,0.013300162365659673,0.004195634815665512,
ZnS,1.0,PBE,-2.9030839424510293,0.26691605754897063,0.08420064906907591,
ZnSe,1.0,"PBE+MBD(rpa,scs)",-2.795494177593956,-0.16549417759395624,-0.0629255428113902,
ZnSe,1.0,"PBE+MBD(rpa,vvpol,corr,beta[0.8],17base)",-2.874530684822649,-0.24453068482264895,-0.09297744670062698,
ZnSe,1.0,"PBE+MBD(rpa,vvpol[nm],beta[0.8],17base)",-2.7715393640819626,-0.14153936408196266,-0.053817248700366034,
ZnSe,1.0,"PBE+MBD(rpa,vvpol[nm],corr,beta[0.8])",-2.86414038501539,-0.23414038501539025,-0.08902676236326626,
ZnSe,1.0,"PBE+MBD(rpa,vvpol[nm],corr,beta[0.8],17base)",-2.8518528247117825,-0.22185282471178258,-0.0843546862021987,
ZnSe,1.0,"PBE+MBD(rpa,vvpol[nm],corr,beta[0.8],17base,vdw[BG])",-2.8640632521174503,-0.23406325211745038,-0.08899743426519026,
ZnSe,1.0,"PBE+MBD(rpa,vvpol[nm],corr,beta[0.8],vdw17)",-2.837780547046958,-0.20778054704695803,-0.07900401028401446,
ZnSe,1.0,PBE+MBD(scs),-2.7975555226572313,-0.1675555226572314,-0.0637093242042705,
ZnSe,1.0,"PBE+MBD(vvpol,corr,beta[0.8],17base)",-2.880056594762296,-0.25005659476229614,-0.09507855314155747,
ZnSe,1.0,"PBE+MBD(vvpol[nm],beta[0.8],17base)",-2.7705084679703713,-0.14050846797037142,-0.05342527299253667,
ZnSe,1.0,"PBE+MBD(vvpol[nm],corr,beta[0.8])",-2.8683006882484867,-0.23830068824848682,-0.09060862671045126,
ZnSe,1.0,"PBE+MBD(vvpol[nm],corr,beta[0.8],17base)",-2.8556240263965362,-0.22562402639653634,-0.08578860319259937,
ZnSe,1.0,"PBE+MBD(vvpol[nm],corr,beta[0.8],17base,vdw[BG])",-2.867859222920376,-0.2378592229203762,-0.0904407691712457,
ZnSe,1.0,"PBE+MBD(vvpol[nm],corr,beta[0.8],vdw17)",-2.841399165508548,-0.21139916550854831,-0.08037991083975221,
ZnSe,1.0,PBE,-2.576749051378342,0.05325094862165791,0.020247508981618978,
ZnTe,1.0,"PBE+MBD(rpa,scs)",-2.332113120523121,0.07788687947687922,0.0323182072518171,
ZnTe,1.0,"PBE+MBD(rpa,vvpol,corr,beta[0.8],17base)",-2.414141303265866,-0.0041413032658659255,-0.0017183830978696785,
ZnTe,1.0,"PBE+MBD(rpa,vvpol[nm],beta[0.8],17base)",-2.3105314687692067,0.09946853123079347,0.04127324947335828,
ZnTe,1.0,"PBE+MBD(rpa,vvpol[nm],corr,beta[0.8])",-2.4035774079758423,0.006422592024157847,0.0026649759436339613,
ZnTe,1.0,"PBE+MBD(rpa,vvpol[nm],corr,beta[0.8],17base)",-2.388386208416126,0.02161379158387433,0.008968378250570262,
ZnTe,1.0,"PBE+MBD(rpa,vvpol[nm],corr,beta[0.8],17base,vdw[BG])",-2.4135570398678348,-0.0035570398678346216,-0.0014759501526284736,
ZnTe,1.0,"PBE+MBD(rpa,vvpol[nm],corr,beta[0.8],vdw17)",-2.374146055305574,0.035853944694426154,0.014877155474865624,
ZnTe,1.0,PBE+MBD(scs),-2.3328339921187826,0.07716600788121752,0.0320190904071442,
ZnTe,1.0,"PBE+MBD(vvpol,corr,beta[0.8],17base)",-2.42074974220506,-0.010749742205059754,-0.004460473944008197,
ZnTe,1.0,"PBE+MBD(vvpol[nm],beta[0.8],17base)",-2.3101488314054657,0.09985116859453447,0.04143202016370724,
ZnTe,1.0,"PBE+MBD(vvpol[nm],corr,beta[0.8])",-2.4087413480651128,0.0012586519348873892,0.0005222622136462195,
ZnTe,1.0,"PBE+MBD(vvpol[nm],corr,beta[0.8],17base)",-2.3932018424685944,0.01679815753140579,0.006970189847056343,
ZnTe,1.0,"PBE+MBD(vvpol[nm],corr,beta[0.8],17base,vdw[BG])",-2.4186327753681733,-0.008632775368173196,-0.0035820644681216576,
ZnTe,1.0,"PBE+MBD(vvpol[nm],corr,beta[0.8],vdw17)",-2.3787130924974584,0.031286907502541705,0.012982119295660458,
ZnTe,1.0,PBE,-2.1053035162544744,0.3046964837455257,0.1264300762429567,
ZrC,1.0,"PBE+MBD(rpa,scs)",,,,
ZrC,1.0,"PBE+MBD(rpa,vvpol,corr,beta[0.8],17base)",-8.248277811476392,-0.318277811476392,-0.04013591569689685,
ZrC,1.0,"PBE+MBD(rpa,vvpol[nm],beta[0.8],17base)",-8.0792532400208,-0.14925324002079954,-0.01882134174284988,
ZrC,1.0,"PBE+MBD(rpa,vvpol[nm],corr,beta[0.8])",-8.183741706331686,-0.25374170633168625,-0.0319976931061395,
ZrC,1.0,"PBE+MBD(rpa,vvpol[nm],corr,beta[0.8],17base)",-8.144663188041154,-0.21466318804115403,-0.027069758895479704,
ZrC,1.0,"PBE+MBD(rpa,vvpol[nm],corr,beta[0.8],17base,vdw[BG])",-8.121412443921953,-0.1914124439219531,-0.024137760898102538,
ZrC,1.0,"PBE+MBD(rpa,vvpol[nm],corr,beta[0.8],vdw17)",-8.245085724696446,-0.3150857246964467,-0.03973338268555444,
ZrC,1.0,PBE+MBD(scs),,,,
ZrC,1.0,"PBE+MBD(vvpol,corr,beta[0.8],17base)",,,,
ZrC,1.0,"PBE+MBD(vvpol[nm],beta[0.8],17base)",-8.079082220552978,-0.14908222055297848,-0.01879977560567194,
ZrC,1.0,"PBE+MBD(vvpol[nm],corr,beta[0.8])",-8.186973481479685,-0.2569734814796849,-0.03240523095582407,
ZrC,1.0,"PBE+MBD(vvpol[nm],corr,beta[0.8],17base)",-8.146968210495704,-0.21696821049570403,-0.027360430075120307,
ZrC,1.0,"PBE+MBD(vvpol[nm],corr,beta[0.8],17base,vdw[BG])",-8.122275627154163,-0.1922756271541637,-0.024246611242643594,
ZrC,1.0,"PBE+MBD(vvpol[nm],corr,beta[0.8],vdw17)",-8.249689807864517,-0.31968980786451695,-0.040313973248993315,
ZrC,1.0,PBE,-7.933003959352331,-0.0030039593523314423,-0.0003788095021855539,
ZrN,1.0,"PBE+MBD(rpa,scs)",-8.028878307397425,-0.5088783073974259,-0.06766998768582791,
ZrN,1.0,"PBE+MBD(rpa,vvpol,corr,beta[0.8],17base)",-7.815908646254353,-0.29590864625435387,-0.03934955402318536,
ZrN,1.0,"PBE+MBD(rpa,vvpol[nm],beta[0.8],17base)",-7.66821393791362,-0.1482139379136207,-0.01970930025447084,
ZrN,1.0,"PBE+MBD(rpa,vvpol[nm],corr,beta[0.8])",-7.766485171127145,-0.2464851711271452,-0.03277728339456718,
ZrN,1.0,"PBE+MBD(rpa,vvpol[nm],corr,beta[0.8],17base)",-7.7265248183502475,-0.20652481835024794,-0.027463406695511696,
ZrN,1.0,"PBE+MBD(rpa,vvpol[nm],corr,beta[0.8],17base,vdw[BG])",-7.704847006628411,-0.18484700662841114,-0.024580718966544037,
ZrN,1.0,"PBE+MBD(rpa,vvpol[nm],corr,beta[0.8],vdw17)",-7.819485920561522,-0.2994859205615228,-0.03982525539381952,
ZrN,1.0,PBE+MBD(scs),,,,
ZrN,1.0,"PBE+MBD(vvpol,corr,beta[0.8],17base)",,,,
ZrN,1.0,"PBE+MBD(vvpol[nm],beta[0.8],17base)",-7.668523475747303,-0.14852347574730373,-0.019750462200439328,
ZrN,1.0,"PBE+MBD(vvpol[nm],corr,beta[0.8])",-7.769011228215249,-0.24901122821524968,-0.03311319524138959,
ZrN,1.0,"PBE+MBD(vvpol[nm],corr,beta[0.8],17base)",-7.728317276714249,-0.20831727671424982,-0.027701765520511946,
ZrN,1.0,"PBE+MBD(vvpol[nm],corr,beta[0.8],17base,vdw[BG])",-7.705645727890097,-0.1856457278900976,-0.024686931900278937,
ZrN,1.0,"PBE+MBD(vvpol[nm],corr,beta[0.8],vdw17)",-7.823001265311369,-0.3030012653113694,-0.04029272145097997,
ZrN,1.0,PBE,-7.514815767228804,0.005184232771195951,0.0006893926557441425,
